Supermercado,Categoría,precio,descuento,brand,description,imagen
Vea,Electro,$59.999,"$50.999,15",NOBLEX,Led Noblex 32 Smart ,https://veaargentina.vtexassets.com/arquivos/ids/773662-500-auto?v=1765294696&width=500&height=auto&aspect=true
Vea,Electro,$284.999,"$256.499,1",SAMSUNG,Smart Tv 55 4k Qled Q65b Samsung ,https://veaargentina.vtexassets.com/arquivos/ids/741085-500-auto?v=1765290248&width=500&height=auto&aspect=true
Vea,Electro,$31.839,"$25.471,2",DAEWOO,Aspiradora D/polvo Y Agua Daewoo Davc90 -15l ,https://veaargentina.vtexassets.com/arquivos/ids/586012-500-auto?v=1765257928&width=500&height=auto&aspect=true
Vea,Electro,$288.099,,WHIRLPOOL,Lavavajillas Whirlpool 14 C Blanco Inverter ,https://veaargentina.vtexassets.com/arquivos/ids/596631-500-auto?v=1765296727&width=500&height=auto&aspect=true
Vea,Electro,$12.599,"$10.709,15",PHILIPS,Plancha A Vapor Philips Base Antiadherente 2000 W ,https://veaargentina.vtexassets.com/arquivos/ids/211512-500-auto?v=1765258619&width=500&height=auto&aspect=true
Vea,Electro,$119.999,"$95.999,2",STROMBERG,Parlante Stromberg Dj 5004 Woofer 2x10 Tweeter ,https://veaargentina.vtexassets.com/arquivos/ids/698707-500-auto?v=1765296934&width=500&height=auto&aspect=true
Vea,Electro,$13.499,"$12.149,1",SIN MARCA,Sandwichera Kanji Sm750m 3 En 1 ,https://veaargentina.vtexassets.com/arquivos/ids/741108-500-auto?v=1765257625&width=500&height=auto&aspect=true
Vea,Electro,$53.999,,MOTOROLA,Celular Motorola Moto E32 Xt2227-1 Plata ,https://veaargentina.vtexassets.com/arquivos/ids/713214-500-auto?v=1765290459&width=500&height=auto&aspect=true
Vea,Electro,$4.499,,SODASTREAM,Sodastream Cilindro De Co2 Cqc Rosa ,https://veaargentina.vtexassets.com/arquivos/ids/752349-500-auto?v=1765293573&width=500&height=auto&aspect=true
Vea,Electro,$22.739,"$18.191,2",PHILIPS,Parlante Philips Bluetooth Tavs500-00 ,https://veaargentina.vtexassets.com/arquivos/ids/638320-500-auto?v=1765258257&width=500&height=auto&aspect=true
Vea,Electro,$15.090,$12.072,MOULINEX,Picadora 123 Blanca Moulinex  Ad6011ar ,https://veaargentina.vtexassets.com/arquivos/ids/202177-500-auto?v=1765258258&width=500&height=auto&aspect=true
Vea,Electro,$1.125,$900,MAXELL,Mouse Optico Maxell Rojo 5 Botones ,https://veaargentina.vtexassets.com/arquivos/ids/724401-500-auto?v=1765258268&width=500&height=auto&aspect=true
Vea,Electro,$187.599,"$159.459,15",WHIRLPOOL,Cocina Whirlpool Multigas 56cm Wfx57dw Inox ,https://veaargentina.vtexassets.com/arquivos/ids/592421-500-auto?v=1765296728&width=500&height=auto&aspect=true
Vea,Electro,$21.329,"$17.063,2",DAEWOO,Horno Electrico Daewoo Dw-3000eb ,https://veaargentina.vtexassets.com/arquivos/ids/687378-500-auto?v=1765258431&width=500&height=auto&aspect=true
Vea,Electro,$129.999,,MOTOROLA,Celular Motorola Edge 30 Plata ,https://veaargentina.vtexassets.com/arquivos/ids/741069-500-auto?v=1765290246&width=500&height=auto&aspect=true
Vea,Electro,$7.999,"$6.799,15",SIN MARCA,Pava Hervidora Kanji Pe0151s ,https://veaargentina.vtexassets.com/arquivos/ids/741109-500-auto?v=1765259147&width=500&height=auto&aspect=true
Vea,Electro,$319.999,,SAMSUNG,Celular Samsung Galaxy Z Flip4 256gb Graphite ,https://veaargentina.vtexassets.com/arquivos/ids/717233-500-auto?v=1765228609&width=500&height=auto&aspect=true
Vea,Electro,$199.999,"$179.999,1",SAMSUNG,Torre De Sonido Samsung Mx-tb50 ,https://veaargentina.vtexassets.com/arquivos/ids/756518-500-auto?v=1765296929&width=500&height=auto&aspect=true
Vea,Electro,$2.459,"$1.967,2",MOTOROLA,Auricular Motorola Ear Buds 2-s Turquesa ,https://veaargentina.vtexassets.com/arquivos/ids/665649-500-auto?v=1765257762&width=500&height=auto&aspect=true
Vea,Electro,$16.999,"$13.599,2",ATMA,Pava Elect Atma Nordica Peatw21wp ,https://veaargentina.vtexassets.com/arquivos/ids/729990-500-auto?v=1765259042&width=500&height=auto&aspect=true
Vea,Electro,$1.099,,IAEL,Cargador Auto Microusb Tipoc Iael En-008 ,https://veaargentina.vtexassets.com/arquivos/ids/657440-500-auto?v=1765293377&width=500&height=auto&aspect=true
Vea,Electro,$89.999,"$71.999,2",BOSE,Auriculares Bluetooth Inalámbricos Sport Blanco ,https://veaargentina.vtexassets.com/arquivos/ids/700451-500-auto?v=1765204516&width=500&height=auto&aspect=true
Vea,Electro,$399.999,"$359.999,1",SAMSUNG,Smart Tv Neoqled Samsung 50 4k ,https://veaargentina.vtexassets.com/arquivos/ids/754217-500-auto?v=1765257555&width=500&height=auto&aspect=true
Vea,Electro,$149.999,"$119.999,2",DAEWOO,Parlante Techno Daewoo Dw-dj8612 ,https://veaargentina.vtexassets.com/arquivos/ids/758657-500-auto?v=1765296741&width=500&height=auto&aspect=true
Vea,Electro,$624.999,"$562.499,1",BOSE,Parlante  Bose Bass Module 700 ,https://veaargentina.vtexassets.com/arquivos/ids/662652-500-auto?v=1765296606&width=500&height=auto&aspect=true
Vea,Electro,$6.999,,PEABODY,Extractor De Cítrico Peabody Pe-ec30 ,https://veaargentina.vtexassets.com/arquivos/ids/622344-500-auto?v=1765293376&width=500&height=auto&aspect=true
Vea,Electro,$29.999,,PEABODY,Vitroconvector Peabody Vidrio Plano Blanco 1000 W ,https://veaargentina.vtexassets.com/arquivos/ids/534677-500-auto?v=1765293384&width=500&height=auto&aspect=true
Vea,Tiempo Libre,$549,"$329,4",PELIKAN,Marcador Pelikan X 1 Un Pintaloco 41-520-012 Bli 1 Un. ,https://veaargentina.vtexassets.com/arquivos/ids/623848-500-auto?v=1765296683&width=500&height=auto&aspect=true
Vea,Tiempo Libre,$1.200,,SIN MARCA,Canopla 2 Cierress X 1 Un ,https://veaargentina.vtexassets.com/arquivos/ids/761385-500-auto?v=1765213108&width=500&height=auto&aspect=true
Vea,Tiempo Libre,$848,"$593,6",AMERICA,"Cuaderno America 29,7cm. Gatitos Rayadas 80 Hojas ",https://veaargentina.vtexassets.com/arquivos/ids/681732-500-auto?v=1765218382&width=500&height=auto&aspect=true
Vea,Tiempo Libre,$1.895,$1.099,SD,Carpeta Eco Unicornio 1 U ,https://veaargentina.vtexassets.com/arquivos/ids/684409-500-auto?v=1765254398&width=500&height=auto&aspect=true
Vea,Tiempo Libre,$285,$171,SIN MARCA,Sacapuntas 3 En 1  Hole Sharpener X 1 Un ,https://veaargentina.vtexassets.com/arquivos/ids/623909-500-auto?v=1765293019&width=500&height=auto&aspect=true
Vea,Tiempo Libre,$3.399,,MARKET SELF,Libro Invictor Y Mayo En Busca De La Esmeralda ,https://veaargentina.vtexassets.com/arquivos/ids/667265-500-auto?v=1765081950&width=500&height=auto&aspect=true
Vea,Tiempo Libre,$1.339,"$803,4",PIZZINI,Minimarcadores Escolares Punta Conica Al Agua Pizzini X10 Colores ,https://veaargentina.vtexassets.com/arquivos/ids/683354-500-auto?v=1765083037&width=500&height=auto&aspect=true
Vea,Tiempo Libre,$989,"$593,4",SIN MARCA,Roller Gel Borrable Borrax- Filgo ,https://veaargentina.vtexassets.com/arquivos/ids/657203-500-auto?v=1765291599&width=500&height=auto&aspect=true
Vea,Tiempo Libre,$400,,PRH,Diverlibros Dinosaus Y Dragones - Prh ,https://veaargentina.vtexassets.com/arquivos/ids/758619-500-auto?v=1765203923&width=500&height=auto&aspect=true
Vea,Tiempo Libre,"$366,37",,SIMPLE,Suplemento En Barra Simple Cookies 45 Gr ,https://veaargentina.vtexassets.com/arquivos/ids/583246-500-auto?v=1765298323&width=500&height=auto&aspect=true
Vea,Bebidas,"$386,72",,CORONA,Cerveza Rubia Corona 330 Ml Porrón Descartable ,https://veaargentina.vtexassets.com/arquivos/ids/655329-500-auto?v=1765300007&width=500&height=auto&aspect=true
Vea,Bebidas,"$233,61",,COCA COLA,Gaseosa Coca-cola Sin Az£car 500 Ml ,https://veaargentina.vtexassets.com/arquivos/ids/770851-500-auto?v=1765298639&width=500&height=auto&aspect=true
Vea,Bebidas,"$246,84",,SALDAN,Soda Sifón Saldan 2 L ,https://veaargentina.vtexassets.com/arquivos/ids/477752-500-auto?v=1765299059&width=500&height=auto&aspect=true
Vea,Bebidas,"$671,02",,GLACIAR,Agua Baja En Sodio Glaciar Bidon 6.3 L ,https://veaargentina.vtexassets.com/arquivos/ids/567597-500-auto?v=1765300274&width=500&height=auto&aspect=true
Vea,Bebidas,"$626,16",,PATAGONIA,Cerveza Session Ipa Sauco Patagonia 247 730 Ml Botella Descartable ,https://veaargentina.vtexassets.com/arquivos/ids/588401-500-auto?v=1765300214&width=500&height=auto&aspect=true
Vea,Bebidas,"$1.862,8",,DADA,Espumante Dad  Dulce 750 Cc ,https://veaargentina.vtexassets.com/arquivos/ids/194154-500-auto?v=1765298507&width=500&height=auto&aspect=true
Vea,Bebidas,"$1.644,78",,MUMM,Espumante Mumm Leger Spritz Botella 750 Cc ,https://veaargentina.vtexassets.com/arquivos/ids/615441-500-auto?v=1765299065&width=500&height=auto&aspect=true
Vea,Bebidas,"$767,81",,REAL,Sidra Real Blanca 750 ,https://veaargentina.vtexassets.com/arquivos/ids/581240-500-auto?v=1765291330&width=500&height=auto&aspect=true
Vea,Bebidas,"$79,98",,QUILMES,Cerveza Quilmes Stout 340cc ,https://veaargentina.vtexassets.com/arquivos/ids/588404-500-auto?v=1765298647&width=500&height=auto&aspect=true
Vea,Bebidas,$1.750,,FRESITA,Champaña Fresita Original 750 Ml ,https://veaargentina.vtexassets.com/arquivos/ids/484871-500-auto?v=1765287728&width=500&height=auto&aspect=true
Vea,Bebidas,"$184,21",,CUISINE & CO NBE MP,Agua Mineral Cuisine & Co Sin Gas 2l ,https://veaargentina.vtexassets.com/arquivos/ids/619126-500-auto?v=1765300265&width=500&height=auto&aspect=true
Vea,Bebidas,"$200,54",,7 UP,Gaseosas 7up Sin Azúcar Lima Limón 1.5 L ,https://veaargentina.vtexassets.com/arquivos/ids/770385-500-auto?v=1765300476&width=500&height=auto&aspect=true
Vea,Bebidas,"$2.871,23",,GOOSE ISLAND,Cerveza Goose Island Ipa 473cc Six Pack ,https://veaargentina.vtexassets.com/arquivos/ids/611984-500-auto?v=1765294992&width=500&height=auto&aspect=true
Vea,Bebidas,"$2.367,74",,LAS PERDICES,Espumante Las Perdices Champenoise Corto 750cc ,https://veaargentina.vtexassets.com/arquivos/ids/674834-500-auto?v=1765286823&width=500&height=auto&aspect=true
Vea,Bebidas,"$1.750,93",,Mosquita Muerta,Vino Perro Callejero Malbec ,https://veaargentina.vtexassets.com/arquivos/ids/709288-500-auto?v=1765294974&width=500&height=auto&aspect=true
Vea,Bebidas,"$651,22","$390,73",PATAGONIA,Cerveza Patagonia Bohemian 1lt Retornable ,https://veaargentina.vtexassets.com/arquivos/ids/759025-500-auto?v=1765293637&width=500&height=auto&aspect=true
Vea,Bebidas,"$292,97",,MONSTER,Bebida Energizante Monster Ultra Sunrise 473cc ,https://veaargentina.vtexassets.com/arquivos/ids/773620-500-auto?v=1765300642&width=500&height=auto&aspect=true
Vea,Bebidas,"$1.880,78",,CASILLERO DEL DIABLO,Vino Tinto Cabernet Sauvignon Casillero Del Diablo 750 Cc ,https://veaargentina.vtexassets.com/arquivos/ids/614094-500-auto?v=1765296724&width=500&height=auto&aspect=true
Vea,Bebidas,"$2.009,18",,SKYY,Vodka Skyy Infusions Apricot 750 Ml ,https://veaargentina.vtexassets.com/arquivos/ids/555770-500-auto?v=1765297590&width=500&height=auto&aspect=true
Vea,Bebidas,"$250,7",,AQUARIUS,"Agua Saborizada Aquarius Naranja 1,5 Lt ",https://veaargentina.vtexassets.com/arquivos/ids/770961-500-auto?v=1765300486&width=500&height=auto&aspect=true
Vea,Bebidas,"$1.012,27",,PORTILLO,Vino Rosado Malbec Portillo 750 Ml ,https://veaargentina.vtexassets.com/arquivos/ids/764537-500-auto?v=1765298790&width=500&height=auto&aspect=true
Vea,Bebidas,"$2.287,24",,LUIGI BOSCA,Vino Tinto Luigi Bosca Reserva Cabernet Sauvignon 750 Cc ,https://veaargentina.vtexassets.com/arquivos/ids/685494-500-auto?v=1765293546&width=500&height=auto&aspect=true
Vea,Bebidas,"$875,48",,NEW AGE,Vino Blanco New Age 750 Cc ,https://veaargentina.vtexassets.com/arquivos/ids/579440-500-auto?v=1765298493&width=500&height=auto&aspect=true
Vea,Bebidas,"$1.494,39",,EMILIA,Vino Cabernet Sauvignon Emilia X750 Ml ,https://veaargentina.vtexassets.com/arquivos/ids/687595-500-auto?v=1765296627&width=500&height=auto&aspect=true
Vea,Bebidas,"$662,38",,DADA,Vino Dada Sweet 355ml ,https://veaargentina.vtexassets.com/arquivos/ids/583947-500-auto?v=1765298253&width=500&height=auto&aspect=true
Vea,Bebidas,"$542,98",,SMIRNOFF,Smf Ice Red Berrie Lat 473 ,https://veaargentina.vtexassets.com/arquivos/ids/711244-500-auto?v=1765255102&width=500&height=auto&aspect=true
Vea,Bebidas,"$197,2",,AQUARIUS,Agua Saborizada Aquarius Manzana 500 Ml ,https://veaargentina.vtexassets.com/arquivos/ids/770968-500-auto?v=1765300515&width=500&height=auto&aspect=true
Vea,Bebidas,"$624,35","$468,26",BLUE MOON,Cerveza Blue Moon 473cc ,https://veaargentina.vtexassets.com/arquivos/ids/696101-500-auto?v=1765299616&width=500&height=auto&aspect=true
Vea,Bebidas,$413,,PICO DE ORO,Vino De Mesa Pico De Oro Tinto 1 L ,https://veaargentina.vtexassets.com/arquivos/ids/531366-500-auto?v=1765300472&width=500&height=auto&aspect=true
Vea,Bebidas,"$935,1",,COLON,Vino Colon Selecto Merlot Cab Sauvignon ,https://veaargentina.vtexassets.com/arquivos/ids/639713-500-auto?v=1765293122&width=500&height=auto&aspect=true
Vea,Bebidas,"$1.088,94",,FINCA NATALINA,Vino Finca Natalina Blackblend ,https://veaargentina.vtexassets.com/arquivos/ids/610325-500-auto?v=1765300471&width=500&height=auto&aspect=true
Vea,Bebidas,"$365,65",,PAMPA BREWING,Cerveza Pampa Brewing Golden Ale 473cc ,https://veaargentina.vtexassets.com/arquivos/ids/608861-500-auto?v=1765300421&width=500&height=auto&aspect=true
Vea,Bebidas,"$1.583,91","$1.267,13",HESPERIDINA,Aperitivo Hesperidina 1 L ,https://veaargentina.vtexassets.com/arquivos/ids/760402-500-auto?v=1765296229&width=500&height=auto&aspect=true
Vea,Bebidas,"$1.011,07",,SAN FELIPE,Vino Tinto San Felipe Malbec 750 Cc ,https://veaargentina.vtexassets.com/arquivos/ids/182367-500-auto?v=1765258181&width=500&height=auto&aspect=true
Vea,Bebidas,$85,,TUTTI,Jugo Tutti Naranja 200 Ml ,https://veaargentina.vtexassets.com/arquivos/ids/602386-500-auto?v=1765300444&width=500&height=auto&aspect=true
Vea,Bebidas,"$862,29",,CALLIA,Vino Callia Syrah 750ml ,https://veaargentina.vtexassets.com/arquivos/ids/716938-500-auto?v=1765288070&width=500&height=auto&aspect=true
Vea,Bebidas,$1.174,,SANTA JULIA,Vino Santa Julia Merlot X 750 Cc ,https://veaargentina.vtexassets.com/arquivos/ids/766922-500-auto?v=1765288246&width=500&height=auto&aspect=true
Vea,Bebidas,"$412,11",,RABIETA,Cerveza Rabieta Golden Ale 473 Cc ,https://veaargentina.vtexassets.com/arquivos/ids/593340-500-auto?v=1765300439&width=500&height=auto&aspect=true
Vea,Bebidas,"$399,88",,FRIZZE,Frizante Frizze Blue 473cc ,https://veaargentina.vtexassets.com/arquivos/ids/672895-500-auto?v=1765283717&width=500&height=auto&aspect=true
Vea,Bebidas,$799,,LAS BRISAS,Jugo Organico De Manzana Sin Azucar Las Brisas 330cc ,https://veaargentina.vtexassets.com/arquivos/ids/760002-500-auto?v=1765294129&width=500&height=auto&aspect=true
Vea,Bebidas,"$715,18",,SAN HUBERTO,Vino San Huberto Clasico Cabernet Bot-750cc- ,https://veaargentina.vtexassets.com/arquivos/ids/599672-500-auto?v=1765286823&width=500&height=auto&aspect=true
Vea,Carnes,$749,,SIN MARCA,Picada Comun ,https://veaargentina.vtexassets.com/arquivos/ids/676400-500-auto?v=1765301149&width=500&height=auto&aspect=true
Vea,Carnes,$2.835,,SIN MARCA,Ojo De Bife Churrasco ,https://veaargentina.vtexassets.com/arquivos/ids/672994-500-auto?v=1765295362&width=500&height=auto&aspect=true
Vea,Carnes,$679,,SIN MARCA,Muslo De Pollo Por Kg ,https://veaargentina.vtexassets.com/arquivos/ids/674423-500-auto?v=1765294557&width=500&height=auto&aspect=true
Vea,Carnes,$3.015,,SIN MARCA,Peceto ,https://veaargentina.vtexassets.com/arquivos/ids/764023-500-auto?v=1765295363&width=500&height=auto&aspect=true
Vea,Carnes,$1.535,,CABAÑA LA CRIOLLA,Chorizo Fresco Bombón - Cabaña La Criolla ,https://veaargentina.vtexassets.com/arquivos/ids/680401-500-auto?v=1765300375&width=500&height=auto&aspect=true
Vea,Carnes,$999,,HUMOS,Líquido Para Fuego Pyrogrill 500 Ml ,https://veaargentina.vtexassets.com/arquivos/ids/638916-500-auto?v=1765295174&width=500&height=auto&aspect=true
Vea,Carnes,$249,,SIN MARCA,Iniciador De Leña 10 U ,https://veaargentina.vtexassets.com/arquivos/ids/446170-500-auto?v=1765251904&width=500&height=auto&aspect=true
Vea,Frutas y Verduras,$1.449,,SIN MARCA,Tomate Cherry Por Kg ,https://veaargentina.vtexassets.com/arquivos/ids/472988-500-auto?v=1765301929&width=500&height=auto&aspect=true
Vea,Frutas y Verduras,$469,,SIN MARCA,Espinaca Por U ,https://veaargentina.vtexassets.com/arquivos/ids/423918-500-auto?v=1765301901&width=500&height=auto&aspect=true
Vea,Frutas y Verduras,$1.190,"$892,5",SIN MARCA,Pasas De Uva Montecoman A Granel Sultanina Morocha Sin Semilla 1 Kg ,https://veaargentina.vtexassets.com/arquivos/ids/773177-500-auto?v=1765301941&width=500&height=auto&aspect=true
Vea,Frutas y Verduras,$799,"$599,25",TODO RESUELTO,Mani Todo Resuelto Color Crudo Sin Atributo Sin Atributo ,https://veaargentina.vtexassets.com/arquivos/ids/773175-500-auto?v=1765292863&width=500&height=auto&aspect=true
Vea,Frutas y Verduras,$269,,SIN MARCA,Ají Molido 100 Gr ,https://veaargentina.vtexassets.com/arquivos/ids/447200-500-auto?v=1765300236&width=500&height=auto&aspect=true
Vea,Frutas y Verduras,$199,,SIN MARCA,Arroz Para Risotto 400 Gr ,https://veaargentina.vtexassets.com/arquivos/ids/535805-500-auto?v=1765298537&width=500&height=auto&aspect=true
Vea,Frutas y Verduras,$699,,NUTRACEUTICA STURLA,Harina De Amaranto-bsa-gr.-250 ,https://veaargentina.vtexassets.com/arquivos/ids/755948-500-auto?v=1765214738&width=500&height=auto&aspect=true
Vea,Frutas y Verduras,$399,,SIN MARCA,Cookies Coco Mix Green Choice 150 Gr. ,https://veaargentina.vtexassets.com/arquivos/ids/763102-500-auto?v=1765302041&width=500&height=auto&aspect=true
Vea,Lácteos,"$528,17",,LA SERENISIMA,Manteca Multivitaminas La Seren¡sima 200gr ,https://veaargentina.vtexassets.com/arquivos/ids/624074-500-auto?v=1765302025&width=500&height=auto&aspect=true
Vea,Lácteos,"$603,3",,LAS TRES NIÑAS,Crema De Leche Las Tres Ni¤as Uat Para Batir 500ml ,https://veaargentina.vtexassets.com/arquivos/ids/641331-500-auto?v=1765302248&width=500&height=auto&aspect=true
Vea,Lácteos,"$337,84",,LA SERENISIMA,Crema De Leche Liviana La Serenisima U.a.t 200 Ml ,https://veaargentina.vtexassets.com/arquivos/ids/687612-500-auto?v=1765302111&width=500&height=auto&aspect=true
Vea,Lácteos,"$427,23",,CUISINE & CO NBE MP,Panzotti Ricotta Jamon Muzza Cuisine & Co 500 Gr ,https://veaargentina.vtexassets.com/arquivos/ids/601253-500-auto?v=1765302197&width=500&height=auto&aspect=true
Vea,Lácteos,"$383,97",,CUISINE & CO NBE MP,Ravioles Ricotta Espinaca Cuisine & Co 500 Gr ,https://veaargentina.vtexassets.com/arquivos/ids/601251-500-auto?v=1765302257&width=500&height=auto&aspect=true
Vea,Lácteos,"$355,5","$248,85",SER,Yogur Essential Natural Con Cereales Ser 166gr ,https://veaargentina.vtexassets.com/arquivos/ids/720537-500-auto?v=1765301812&width=500&height=auto&aspect=true
Vea,Lácteos,"$334,22","$233,95",SAN IGNACIO,Dulce De Leche San Ignacio Diet 400 Gr ,https://veaargentina.vtexassets.com/arquivos/ids/683285-500-auto?v=1765291297&width=500&height=auto&aspect=true
Vea,Lácteos,"$244,3","$171,01",SER,Yogur Ser Firme Frutilla 190g ,https://veaargentina.vtexassets.com/arquivos/ids/773359-500-auto?v=1765300205&width=500&height=auto&aspect=true
Vea,Lácteos,"$117,67","$82,37",SUBLIME,Postre Sublime Dulce De Leche 95g ,https://veaargentina.vtexassets.com/arquivos/ids/714887-500-auto?v=1765302616&width=500&height=auto&aspect=true
Vea,Lácteos,"$322,54",,VILLA D'AGRI,Tapa Empanadas Horno Villa D´a Gr 450 Gr Blister 18 U ,https://veaargentina.vtexassets.com/arquivos/ids/535109-500-auto?v=1765301948&width=500&height=auto&aspect=true
Vea,Lácteos,"$282,4","$197,68",YOGURISIMO,Yogur Bebible Conicet Vainilla Yogurisimo 190gr ,https://veaargentina.vtexassets.com/arquivos/ids/771901-500-auto?v=1765301058&width=500&height=auto&aspect=true
Vea,Lácteos,"$645,5","$451,85",YOGURISIMO,Yogur Bebible Conicet Frutilla Yogurisimo 1kg ,https://veaargentina.vtexassets.com/arquivos/ids/771908-500-auto?v=1765301057&width=500&height=auto&aspect=true
Vea,Lácteos,"$202,9",,MILKAUT,Yogur Light Milkaut Cremoso Colchon De Frutillas 150 Gr ,https://veaargentina.vtexassets.com/arquivos/ids/670725-500-auto?v=1765301763&width=500&height=auto&aspect=true
Vea,Lácteos,"$284,17","$198,92",YOGURADE,Yogur Entero Yogurade Frutos Del Bosque 150g ,https://veaargentina.vtexassets.com/arquivos/ids/662635-500-auto?v=1765301561&width=500&height=auto&aspect=true
Vea,Lácteos,"$316,7",,LA SERENISIMA,Leche La Martona Uat P.des 1bk 1l ,https://veaargentina.vtexassets.com/arquivos/ids/771670-500-auto?v=1765255126&width=500&height=auto&aspect=true
Vea,Perfumería,"$486,2","$291,72",REXONA,Jabón De Tocador Rexona Sensible 3x125g ,https://veaargentina.vtexassets.com/arquivos/ids/773126-500-auto?v=1765301267&width=500&height=auto&aspect=true
Vea,Perfumería,"$564,42","$423,31",REXONA,Desodorante Femenino Rexona Bamboo Aloe 72h 150ml ,https://veaargentina.vtexassets.com/arquivos/ids/772558-500-auto?v=1765294229&width=500&height=auto&aspect=true
Vea,Perfumería,"$529,88",,AXE,Axe Desodorante Aerosol Bs Collision 150ml ,https://veaargentina.vtexassets.com/arquivos/ids/700569-500-auto?v=1765284180&width=500&height=auto&aspect=true
Vea,Perfumería,"$337,84","$202,7",CAMPOS VERDES,Jabon Campos Verdes Campo 3u 120g ,https://veaargentina.vtexassets.com/arquivos/ids/746895-500-auto?v=1765301490&width=500&height=auto&aspect=true
Vea,Perfumería,"$651,15","$390,69",LUX,Jabon Lux Libio Azul X3 125g ,https://veaargentina.vtexassets.com/arquivos/ids/700412-500-auto?v=1765288298&width=500&height=auto&aspect=true
Vea,Perfumería,"$984,02","$590,41",DOVE,Acondicionador  Dove  Regeneración Extrema Superior 400 Ml ,https://veaargentina.vtexassets.com/arquivos/ids/772279-500-auto?v=1765290299&width=500&height=auto&aspect=true
Vea,Perfumería,"$486,2","$291,72",REXONA,Jabón De Tocador Rexona Bamboo 3x125g ,https://veaargentina.vtexassets.com/arquivos/ids/773128-500-auto?v=1765300020&width=500&height=auto&aspect=true
Vea,Perfumería,"$423,91","$254,35",NOSOTRAS,Toalla Femenina Nosotras Clásica Tela Tipo Algodón X 16 ,https://veaargentina.vtexassets.com/arquivos/ids/767814-500-auto?v=1765246926&width=500&height=auto&aspect=true
Vea,Perfumería,"$703,83","$422,3",SIEMPRE LIBRE,Toallas Femeninas Siempre Libre® Adapt Plus X16 ,https://veaargentina.vtexassets.com/arquivos/ids/768688-500-auto?v=1765301554&width=500&height=auto&aspect=true
Vea,Perfumería,"$680,1","$510,08",REXONA,Desodoante Rexona Aero Ext Dry 110ml ,https://veaargentina.vtexassets.com/arquivos/ids/765763-500-auto?v=1765296518&width=500&height=auto&aspect=true
Vea,Perfumería,"$937,25",$679,HINDS,Crema Corporal Hinds Rosa Plus 350gr ,https://veaargentina.vtexassets.com/arquivos/ids/693225-500-auto?v=1765295831&width=500&height=auto&aspect=true
Vea,Perfumería,"$982,69","$589,61",DOVE,Shampoo Para El Cabello Dove Cuidado Delicado Botella 400 Ml ,https://veaargentina.vtexassets.com/arquivos/ids/772268-500-auto?v=1765263392&width=500&height=auto&aspect=true
Vea,Perfumería,"$734,7",,ORAL-B,Cepillos Dentales Con Cerdas Indicadoras Combate Placa Oral-b Indicator 2 Un ,https://veaargentina.vtexassets.com/arquivos/ids/767587-500-auto?v=1765298756&width=500&height=auto&aspect=true
Vea,Perfumería,"$870,65","$522,39",FRUCTIS,Shampoo Fructis Recarga Nutritiva 350ml ,https://veaargentina.vtexassets.com/arquivos/ids/740988-500-auto?v=1765300972&width=500&height=auto&aspect=true
Vea,Perfumería,"$347,88",,NIVEA,Desodorante Femenino Nivea Roll-on Invisible Black & White 50 Ml ,https://veaargentina.vtexassets.com/arquivos/ids/693533-500-auto?v=1765302082&width=500&height=auto&aspect=true
Vea,Perfumería,"$596,81",,EFFICIENT,Talco Pies Rexona Original 48hs 200g ,https://veaargentina.vtexassets.com/arquivos/ids/772552-500-auto?v=1765302473&width=500&height=auto&aspect=true
Vea,Perfumería,"$519,91","$311,95",ESPADOL,Jabon Espadol Aloe3 ,https://veaargentina.vtexassets.com/arquivos/ids/720306-500-auto?v=1765302079&width=500&height=auto&aspect=true
Vea,Perfumería,"$958,42","$575,05",DOVE,Acondicionador Dove Real Poder De Las Plantas Purificaci¢n + Jengibre 300 Ml ,https://veaargentina.vtexassets.com/arquivos/ids/713714-500-auto?v=1765263507&width=500&height=auto&aspect=true
Vea,Perfumería,"$336,43","$201,86",LADYSOFT,Toallitas Femeninas Ladysoft Ultradelgadas Tela Suave X 8 U ,https://veaargentina.vtexassets.com/arquivos/ids/708030-500-auto?v=1765300301&width=500&height=auto&aspect=true
Vea,Perfumería,"$905,41",,GUM,Palillo Interdental Soft Picksgum X 40 Un ,https://veaargentina.vtexassets.com/arquivos/ids/665605-500-auto?v=1765291307&width=500&height=auto&aspect=true
Vea,Perfumería,"$390,53","$234,32",PALMOLIVE,Jab¢n L¡quido Corporal Palmolive Naturals Jazm¡n Y Manteca De Cacao 250 Ml ,https://veaargentina.vtexassets.com/arquivos/ids/477825-500-auto?v=1765303323&width=500&height=auto&aspect=true
Vea,Perfumería,"$353,15",,REXONA,Desodorante Masculino Rexona Roll-on 48hs 50ml ,https://veaargentina.vtexassets.com/arquivos/ids/772574-500-auto?v=1765302549&width=500&height=auto&aspect=true
Vea,Perfumería,"$443,26",,PLUSBELLE,Desodorante Plusbelle Jazmin 150ml ,https://veaargentina.vtexassets.com/arquivos/ids/660169-500-auto?v=1765302562&width=500&height=auto&aspect=true
Vea,Perfumería,"$1.762,58","$1.057,55",PANTENE,Acondicionador Pantene Prov Essentials Brillo 750ml ,https://veaargentina.vtexassets.com/arquivos/ids/700008-500-auto?v=1765252012&width=500&height=auto&aspect=true
Vea,Perfumería,"$1.060,4",,COLGATE,Cepillo Dental Colgate Colors Collection 5 U ,https://veaargentina.vtexassets.com/arquivos/ids/596175-500-auto?v=1765296655&width=500&height=auto&aspect=true
Vea,Perfumería,"$656,52","$393,91",PLUSBELLE,Acondicionador Plusbelle Escencia Proteccion 700ml ,https://veaargentina.vtexassets.com/arquivos/ids/713433-500-auto?v=1765290600&width=500&height=auto&aspect=true
Vea,Perfumería,"$542,55",,TEATRICAL,Crema Facial Teatrical Aclaradora 100 Gr ,https://veaargentina.vtexassets.com/arquivos/ids/770140-500-auto?v=1765298386&width=500&height=auto&aspect=true
Vea,Perfumería,"$778,43",,COLGATE,Pasta Colgate Total 12 Pro Whitening 70g ,https://veaargentina.vtexassets.com/arquivos/ids/699575-500-auto?v=1765301981&width=500&height=auto&aspect=true
Vea,Perfumería,"$201,18","$120,71",ESTILO SPA,Jabon Liquido Estilo Spa Antibacterial 320m ,https://veaargentina.vtexassets.com/arquivos/ids/672054-500-auto?v=1765300115&width=500&height=auto&aspect=true
Vea,Perfumería,"$551,78","$331,07",DOVE,Acondicionador  Dove  Hidratación Intensa  200 Ml ,https://veaargentina.vtexassets.com/arquivos/ids/772259-500-auto?v=1765263391&width=500&height=auto&aspect=true
Vea,Perfumería,"$470,9",,COLGATE,Crema Dental Natural Extracts Carbón Y Menta 7 ,https://veaargentina.vtexassets.com/arquivos/ids/677578-500-auto?v=1765301863&width=500&height=auto&aspect=true
Vea,Perfumería,"$262,37","$157,42",DOVE,Jab½n Dove Granada Y Verbena 90 G ,https://veaargentina.vtexassets.com/arquivos/ids/702856-500-auto?v=1765280472&width=500&height=auto&aspect=true
Vea,Perfumería,"$688,82",,VEET,Crema Depilatoria Facial Veet ,https://veaargentina.vtexassets.com/arquivos/ids/673649-500-auto?v=1765297349&width=500&height=auto&aspect=true
Vea,Perfumería,"$379,6",,PANTENE,Shampoo Pantene Prov Essentials Fuerza 200ml ,https://veaargentina.vtexassets.com/arquivos/ids/699998-500-auto?v=1765297665&width=500&height=auto&aspect=true
Vea,Perfumería,"$379,9",,ORAL-B,Cepillo Dental Con Cerdas Indicadoras Oral-b Clean Indicator 1 Un ,https://veaargentina.vtexassets.com/arquivos/ids/720268-500-auto?v=1765218710&width=500&height=auto&aspect=true
Vea,Perfumería,"$751,2",,COLGATE,Crema Dental Colgate 360 Antibacterial 2pack ,https://veaargentina.vtexassets.com/arquivos/ids/642210-500-auto?v=1765302037&width=500&height=auto&aspect=true
Vea,Perfumería,"$1.026,38",,ELVIVE,Elvive Crema Para Peinar Oleo Extraordinario Curls 250ml ,https://veaargentina.vtexassets.com/arquivos/ids/702045-500-auto?v=1765291930&width=500&height=auto&aspect=true
Vea,Perfumería,"$123,5",,ALGABO,Alcohol En Gel Algabo Ultra 70 Ml ,https://veaargentina.vtexassets.com/arquivos/ids/578581-500-auto?v=1765304134&width=500&height=auto&aspect=true
Vea,Perfumería,"$594,4",,COLGATE,Cepillo Colgate Twister2x1compact Head ,https://veaargentina.vtexassets.com/arquivos/ids/596178-500-auto?v=1765298453&width=500&height=auto&aspect=true
Vea,Perfumería,"$713,98",,919,Coloraci¢n 919 Permanente Nø5 Casta¤o Claro ,https://veaargentina.vtexassets.com/arquivos/ids/616770-500-auto?v=1765296040&width=500&height=auto&aspect=true
Vea,Perfumería,"$357,85","$214,71",ALWAYS,Protec. Diarios Always Respirable X12 ,https://veaargentina.vtexassets.com/arquivos/ids/672688-500-auto?v=1765290683&width=500&height=auto&aspect=true
Vea,Perfumería,$161,"$96,6",NOSOTRAS,Tampon Nosotras Algodon Mini 8u ,https://veaargentina.vtexassets.com/arquivos/ids/670984-500-auto?v=1764701495&width=500&height=auto&aspect=true
Vea,Perfumería,"$350,99",,PONDS,Crema Facial Ponds Nutritiva Humectante 50 G ,https://veaargentina.vtexassets.com/arquivos/ids/661745-500-auto?v=1765278584&width=500&height=auto&aspect=true
Vea,Perfumería,"$396,27","$237,76",VILLENEUVE,Jabón Líquido Villeneuve Coconut 240ml ,https://veaargentina.vtexassets.com/arquivos/ids/710782-500-auto?v=1765299230&width=500&height=auto&aspect=true
Vea,Perfumería,"$585,79",,ISSUE,Coloración Issue Permanente Tono 01 ,https://veaargentina.vtexassets.com/arquivos/ids/616712-500-auto?v=1765300839&width=500&height=auto&aspect=true
Vea,Bebés y Niños,"$3.930,96",$2.555,HUGGIES,Pa¤ales Huggies Protec Plus Xxg 30 U ,https://veaargentina.vtexassets.com/arquivos/ids/773676-500-auto?v=1765294761&width=500&height=auto&aspect=true
Vea,Bebés y Niños,"$269,76",,NAN,Leche Infantil Lista Para Tomar Nan 3 X190ml 1unidad ,https://veaargentina.vtexassets.com/arquivos/ids/707698-500-auto?v=1765299614&width=500&height=auto&aspect=true
Vea,Bebés y Niños,"$200,03",,NIDINA,Leche Infantil Lista Para Tomar Nidina 1 X200ml ,https://veaargentina.vtexassets.com/arquivos/ids/707697-500-auto?v=1765255864&width=500&height=auto&aspect=true
Vea,Bebés y Niños,$475,,SIN MARCA,Cubo Mágico Avengers 5x5cm ,https://veaargentina.vtexassets.com/arquivos/ids/759263-500-auto?v=1765302940&width=500&height=auto&aspect=true
Vea,Bebés y Niños,"$2.824,2",,HUGGIES,Pañales Huggies Supreme Care Paquete30u ,https://veaargentina.vtexassets.com/arquivos/ids/771186-500-auto?v=1765302151&width=500&height=auto&aspect=true
Vea,Bebés y Niños,$1.530,,CAFFARO,Set De Uñas Y Aros Para Decorar Vulcanita ,https://veaargentina.vtexassets.com/arquivos/ids/754603-500-auto?v=1765080584&width=500&height=auto&aspect=true
Vea,Bebés y Niños,$2.200,,CAFFARO,Soldados X 48 Pcs C/ Avi¢n + Jeep-s/e-un.-1 ,https://veaargentina.vtexassets.com/arquivos/ids/768808-500-auto?v=1765294766&width=500&height=auto&aspect=true
Vea,Bebés y Niños,"$5.241,96",,HUGGIES,Pañales Huggies Flexi Confort Disney Xg X32 ,https://veaargentina.vtexassets.com/arquivos/ids/770788-500-auto?v=1765255501&width=500&height=auto&aspect=true
Vea,Limpieza,"$809,69",,SUSSEX,"Rollo De Cocina Sussex Premium, Maxirollo, 100 Paños Paq 3 Unid. ",https://veaargentina.vtexassets.com/arquivos/ids/749376-500-auto?v=1765304614&width=500&height=auto&aspect=true
Vea,Limpieza,"$533,11",,ALA,Jabon Ropa Ala Ropa Ecolavado Dp 800ml ,https://veaargentina.vtexassets.com/arquivos/ids/690410-500-auto?v=1765301236&width=500&height=auto&aspect=true
Vea,Limpieza,"$1.749,07","$1.311,8",ALA,Jabón Líquido Ala Para Diluir 500 Ml  Botella 3l Reutilizable ,https://veaargentina.vtexassets.com/arquivos/ids/690440-500-auto?v=1765303266&width=500&height=auto&aspect=true
Vea,Limpieza,"$470,74",,LYSOFORM,Desinfectante Ambiente Lysoform Aire De Montaña ,https://veaargentina.vtexassets.com/arquivos/ids/682922-500-auto?v=1765299919&width=500&height=auto&aspect=true
Vea,Limpieza,"$1.293,62",,ELEGANTE,Papel Higiénico New Elegante Premium 30 M 12 U. ,https://veaargentina.vtexassets.com/arquivos/ids/207938-500-auto?v=1765304131&width=500&height=auto&aspect=true
Vea,Limpieza,"$302,5",,FUYI,Repelente De Insectos Fuyi Aerosol 170ml ,https://veaargentina.vtexassets.com/arquivos/ids/711265-500-auto?v=1765304032&width=500&height=auto&aspect=true
Vea,Limpieza,"$202,18",,AYUDIN,Limpiador Antihongos Ayudín Removedor Activo (envase Económico) 450 Ml ,https://veaargentina.vtexassets.com/arquivos/ids/683209-500-auto?v=1765303072&width=500&height=auto&aspect=true
Vea,Limpieza,"$1.045,95",,MR MUSCULO,Limpiador Líquido Multisuperficies Glade Campos De Lavanda Bidón 4l ,https://veaargentina.vtexassets.com/arquivos/ids/654454-500-auto?v=1765304271&width=500&height=auto&aspect=true
Vea,Limpieza,"$259,19",,LYSOFORM,Limpiador Líquido Desinfectante Concentrado Para Pisos Lysoform Original Repuesto 420ml ,https://veaargentina.vtexassets.com/arquivos/ids/654586-500-auto?v=1765304009&width=500&height=auto&aspect=true
Vea,Limpieza,"$615,12",,OFF,Repelente De Insectos Off Crema Extra Duraci¢n 100g ,https://veaargentina.vtexassets.com/arquivos/ids/711268-500-auto?v=1765283877&width=500&height=auto&aspect=true
Vea,Limpieza,"$241,09",,VIRULANA,Esponja Virulana De Bronce 223 ,https://veaargentina.vtexassets.com/arquivos/ids/178397-500-auto?v=1765303910&width=500&height=auto&aspect=true
Vea,Limpieza,"$578,27",,LYSOFORM,Limpiador Desinfectante Lysoform Floral P 1.8l ,https://veaargentina.vtexassets.com/arquivos/ids/666677-500-auto?v=1765302489&width=500&height=auto&aspect=true
Vea,Limpieza,"$189,28",,VIM,Lavandina En Gel Vim Original 300 Ml ,https://veaargentina.vtexassets.com/arquivos/ids/694700-500-auto?v=1765301221&width=500&height=auto&aspect=true
Vea,Limpieza,"$253,07",$185,POETT,Limpiador Líquido Aromatizante Poett Flores De Primavera  900 Ml ,https://veaargentina.vtexassets.com/arquivos/ids/762006-500-auto?v=1765304227&width=500&height=auto&aspect=true
Vea,Limpieza,"$733,2",,VEA MP,Bolsas De Residuos Rollo 60 X 100 vea ,https://veaargentina.vtexassets.com/arquivos/ids/550249-500-auto?v=1765302106&width=500&height=auto&aspect=true
Vea,Limpieza,$187,,HOME CARE MP,Esponja Acero Home Care ,https://veaargentina.vtexassets.com/arquivos/ids/685832-500-auto?v=1765290904&width=500&height=auto&aspect=true
Vea,Limpieza,"$973,37",,VIRULANA,Escobillon Virulana Interiores ,https://veaargentina.vtexassets.com/arquivos/ids/178865-500-auto?v=1765302101&width=500&height=auto&aspect=true
Vea,Limpieza,"$1.209,97",,VILEDA,Mop De Algod«n Maxi Vileda ,https://veaargentina.vtexassets.com/arquivos/ids/431362-500-auto?v=1765291567&width=500&height=auto&aspect=true
Vea,Limpieza,"$367,8",,PINOLUZ,Limpiador Líquido Pinoluz Aceite De Pino 1 ,https://veaargentina.vtexassets.com/arquivos/ids/565832-500-auto?v=1765304247&width=500&height=auto&aspect=true
Vea,Limpieza,"$292,9",,LYSOFORM,Limpiador Líquido Desinfectante De Superficies Lysoform Lavanda Botella 900ml ,https://veaargentina.vtexassets.com/arquivos/ids/666681-500-auto?v=1765304574&width=500&height=auto&aspect=true
Vea,Limpieza,"$742,73",,COBRA,Autobrillo Para Cuero Cobra Negro 60 Ml ,https://veaargentina.vtexassets.com/arquivos/ids/720225-500-auto?v=1765304137&width=500&height=auto&aspect=true
Vea,Limpieza,"$300,4",,VIM,Canasta S¢lida Para Inodoro Vim 3 En 1 Pino 35 G ,https://veaargentina.vtexassets.com/arquivos/ids/605626-500-auto?v=1765302086&width=500&height=auto&aspect=true
Vea,Limpieza,"$1.006,79",,GLADE,Aromatizante De Ambientes Automático Glade Floral Perfection Repuesto 175gr ,https://veaargentina.vtexassets.com/arquivos/ids/666698-500-auto?v=1765300399&width=500&height=auto&aspect=true
Vea,Limpieza,"$310,28",,HOME CARE MP,Jabón De Lavar  Blanco x2u Home Care ,https://veaargentina.vtexassets.com/arquivos/ids/755029-500-auto?v=1765301707&width=500&height=auto&aspect=true
Vea,Limpieza,"$1.037,25",,SIN MARCA,Difusor Con Varillas Aromass Coco Vainilla 125 ,https://veaargentina.vtexassets.com/arquivos/ids/760656-500-auto?v=1765302174&width=500&height=auto&aspect=true
Vea,Limpieza,"$118,68",,JUMBO MP,Bolsa Ecológica Diseños ,https://veaargentina.vtexassets.com/arquivos/ids/422050-500-auto?v=1765305557&width=500&height=auto&aspect=true
Vea,Limpieza,"$204,85",,ECOVITA,Limpiador Cocina Doy Pack 500 Ml. ,https://veaargentina.vtexassets.com/arquivos/ids/756309-500-auto?v=1765304639&width=500&height=auto&aspect=true
Vea,Limpieza,"$192,88",,VIRULANA,Fibra Esponja Virulana Salva Uñas ,https://veaargentina.vtexassets.com/arquivos/ids/185916-500-auto?v=1765304221&width=500&height=auto&aspect=true
Vea,Limpieza,"$239,03",,PATO,Bloque Adhesivo Pato Flores Lunares 3u ,https://veaargentina.vtexassets.com/arquivos/ids/756074-500-auto?v=1765304670&width=500&height=auto&aspect=true
Vea,Limpieza,"$178,56",,ZORRO,Limpiador Multiuso Zorro Vidrios Doy Pack 450ml ,https://veaargentina.vtexassets.com/arquivos/ids/761400-500-auto?v=1765301849&width=500&height=auto&aspect=true
Vea,Limpieza,"$584,7",,SIN MARCA,Antihumedad Purific Air Pino Repuesto 75gr ,https://veaargentina.vtexassets.com/arquivos/ids/763401-500-auto?v=1765300969&width=500&height=auto&aspect=true
Vea,Limpieza,$465,,TASK,Bolsas Residuos Task Reciclada 45x60 18u ,https://veaargentina.vtexassets.com/arquivos/ids/763843-500-auto?v=1765301632&width=500&height=auto&aspect=true
Vea,Quesos y Fiambres,$1.329,,VEA MP,Fiambre De Cerdo Tripack Mðnimo 800 Gr Mayorista ,https://veaargentina.vtexassets.com/arquivos/ids/567504-500-auto?v=1765305929&width=500&height=auto&aspect=true
Vea,Quesos y Fiambres,"$605,87",,PALADINI,Salchichas Paladini Tipo Viena Sin Piel 450 Gr 12 U ,https://veaargentina.vtexassets.com/arquivos/ids/178433-500-auto?v=1765305990&width=500&height=auto&aspect=true
Vea,Quesos y Fiambres,"$545,82","$382,07",SAN IGNACIO,Queso Crema Entero San Ignacio Sin Sal 480 Gr ,https://veaargentina.vtexassets.com/arquivos/ids/640843-500-auto?v=1765304327&width=500&height=auto&aspect=true
Vea,Quesos y Fiambres,$2.499,,LARIO,Salamín Lario Picado Grueso Tipo Tandilero X Kg. ,https://veaargentina.vtexassets.com/arquivos/ids/641684-500-auto?v=1765305960&width=500&height=auto&aspect=true
Vea,Quesos y Fiambres,"$335,45",,TREGAR,Queso Mascarpone Tregar X 200grs ,https://veaargentina.vtexassets.com/arquivos/ids/504008-500-auto?v=1765306102&width=500&height=auto&aspect=true
Vea,Quesos y Fiambres,"$421,03","$294,72",ADLER,Queso Untable Adler Cremoso Con Salame 190gr ,https://veaargentina.vtexassets.com/arquivos/ids/677425-500-auto?v=1765305946&width=500&height=auto&aspect=true
Vea,Quesos y Fiambres,"$266,3",,CASANCREM,Queso Crema Clásico Casancrem 200gr ,https://veaargentina.vtexassets.com/arquivos/ids/771798-500-auto?v=1765305925&width=500&height=auto&aspect=true
Vea,Quesos y Fiambres,"$178,54",,NUCETE,Aceitunas Nucete Verde Descarozadas 80 Gr ,https://veaargentina.vtexassets.com/arquivos/ids/708568-500-auto?v=1765306095&width=500&height=auto&aspect=true
Vea,Quesos y Fiambres,"$445,64",,NUCETE,Aceitunas Nucete Verdes 200 Gr ,https://veaargentina.vtexassets.com/arquivos/ids/708554-500-auto?v=1765305911&width=500&height=auto&aspect=true
Vea,Quesos y Fiambres,"$586,99",,NUCETE,Aceitunas Nucete Rellenas Con Morrón 200 Gr ,https://veaargentina.vtexassets.com/arquivos/ids/708552-500-auto?v=1765297123&width=500&height=auto&aspect=true
Vea,Quesos y Fiambres,$665,,FRAGATA,Aceitunas Fragata Rellenas Con Ajo 85 Gr ,https://veaargentina.vtexassets.com/arquivos/ids/184200-500-auto?v=1765306221&width=500&height=auto&aspect=true
Vea,Quesos y Fiambres,,,,,
Vea,Congelados,"$924,82",,PATY,Milanesas Patynesa 4 U - 400 Gr ,https://veaargentina.vtexassets.com/arquivos/ids/187536-500-auto?v=1765304087&width=500&height=auto&aspect=true
Vea,Congelados,"$416,89",,MC CAIN,Papas Congeladas  Crinkle Mccain  X 400 Gr ,https://veaargentina.vtexassets.com/arquivos/ids/646801-500-auto?v=1765306106&width=500&height=auto&aspect=true
Vea,Congelados,"$605,92",,UNION GANADERA,Hamburguesas Union Ganadera 220 Gr - 2 U ,https://veaargentina.vtexassets.com/arquivos/ids/581451-500-auto?v=1765306147&width=500&height=auto&aspect=true
Vea,Congelados,"$719,21",,GRANJA DEL SOL,Milanesa De Soja Rellena Espinaca Y Queso X380g ,https://veaargentina.vtexassets.com/arquivos/ids/669761-500-auto?v=1765306159&width=500&height=auto&aspect=true
Vea,Congelados,"$825,02",,GRANJA DEL SOL,Veggies Calabaza Y Garbanzos Granja Del Sol X4 U X 210 Gr ,https://veaargentina.vtexassets.com/arquivos/ids/592577-500-auto?v=1765306127&width=500&height=auto&aspect=true
Vea,Congelados,"$1.842,1",,FRIGOR,Helado Popsy Frutilla & Naranja X 810grs ,https://veaargentina.vtexassets.com/arquivos/ids/698171-500-auto?v=1765295171&width=500&height=auto&aspect=true
Vea,Congelados,"$1.234,27",,NATURAL WAY,Helado Pote Premium Sei Tu Super Chocolate  X400g ,https://veaargentina.vtexassets.com/arquivos/ids/762914-500-auto?v=1765301130&width=500&height=auto&aspect=true
Vea,Congelados,"$680,19",,GRANJA DEL SOL,Milanesa De Soja Granja Del Sol Con Espinaca 330g ,https://veaargentina.vtexassets.com/arquivos/ids/771615-500-auto?v=1765303053&width=500&height=auto&aspect=true
Vea,Panadería y Repostería,$299,,SIN MARCA,Pepitas De Batata Peso Aprox 250grs ,https://veaargentina.vtexassets.com/arquivos/ids/650521-500-auto?v=1765306073&width=500&height=auto&aspect=true
Vea,Panadería y Repostería,$2.499,,FRESH MP,Torta De Durazno 1 Kg ,https://veaargentina.vtexassets.com/arquivos/ids/477926-500-auto?v=1765305991&width=500&height=auto&aspect=true
Vea,Panadería y Repostería,$249,"$186,75",FRESH MP,Donut Pastelera ,https://veaargentina.vtexassets.com/arquivos/ids/755347-500-auto?v=1765220712&width=500&height=auto&aspect=true
Vea,Comidas Preparadas,$1.899,,FRESH MP,Pollo Rostisado Trozado Por Kg ,https://veaargentina.vtexassets.com/arquivos/ids/196120-500-auto?v=1765289756&width=500&height=auto&aspect=true
Vea,Comidas Preparadas,$2.199,,LA COCINA,Ensalada Cheff X Kg   Bja 1 Kg ,https://veaargentina.vtexassets.com/arquivos/ids/473028-500-auto?v=1765306033&width=500&height=auto&aspect=true
