market,category,currency,descripcion_producto,precio_producto,precio_promocion,descripcion_promocion,imagen
Carrefour,seccion,ARG,"<span class=""vtex-product-summary-2-x-productBrand vtex-product-summary-2-x-brandName t-body"">Agua mineralizada sin gas Glaciar bajo sodio 2 l. </span>","$ 169,88$ 226,50","$ 169,88c/u",2do al 50% exclusivo online,https://carrefourar.vtexassets.com/arquivos/ids/171445-170-170?v=1765381932&width=170&height=170&aspect=true
Carrefour,seccion,ARG,"<span class=""vtex-product-summary-2-x-productBrand vtex-product-summary-2-x-brandName t-body"">Galletitas crackers Granix sin sal 3 x 185 g. </span>","$ 492,00",,,https://carrefourar.vtexassets.com/arquivos/ids/196573-170-170?v=1765382524&width=170&height=170&aspect=true
Carrefour,seccion,ARG,"<span class=""vtex-product-summary-2-x-productBrand vtex-product-summary-2-x-brandName t-body"">Jamón cocido 200 g. BAJO PRECIO GARANTIZADO </span>","$ 502,00",,,https://carrefourar.vtexassets.com/arquivos/ids/250646-170-170?v=1765382577&width=170&height=170&aspect=true
Carrefour,seccion,ARG,"<span class=""vtex-product-summary-2-x-productBrand vtex-product-summary-2-x-brandName t-body"">Ricotta entera García bajo sodio en sachet 500 g. </span>","$ 317,00",,,https://carrefourar.vtexassets.com/arquivos/ids/274934-170-170?v=1765382549&width=170&height=170&aspect=true
Carrefour,seccion,ARG,"<span class=""vtex-product-summary-2-x-productBrand vtex-product-summary-2-x-brandName t-body"">Agua mineralizada con gas Glaciar bajo sodio 1.5 l. </span>","$ 110,00",,,https://carrefourar.vtexassets.com/arquivos/ids/171518-170-170?v=1765381932&width=170&height=170&aspect=true
Carrefour,seccion,ARG,"<span class=""vtex-product-summary-2-x-productBrand vtex-product-summary-2-x-brandName t-body"">Queso crema entero San Ignacio 480 g. </span>","$ 561,00",,,https://carrefourar.vtexassets.com/arquivos/ids/192508-170-170?v=1765381880&width=170&height=170&aspect=true
Carrefour,seccion,ARG,"<span class=""vtex-product-summary-2-x-productBrand vtex-product-summary-2-x-brandName t-body"">Fideos tirabuzones Matarazzo sin TACC 500 g. </span>","$ 398,00",,,https://carrefourar.vtexassets.com/arquivos/ids/175114-170-170?v=1765382007&width=170&height=170&aspect=true
Carrefour,seccion,ARG,"<span class=""vtex-product-summary-2-x-productBrand vtex-product-summary-2-x-brandName t-body"">Fideos spaghetti Matarazzo 500 g. sin TACC </span>","$ 391,00",,,https://carrefourar.vtexassets.com/arquivos/ids/178932-170-170?v=1765382011&width=170&height=170&aspect=true
Carrefour,seccion,ARG,"<span class=""vtex-product-summary-2-x-productBrand vtex-product-summary-2-x-brandName t-body"">Tostadas de arroz Carrefour clásicas 150 g. sin TACC </span>","$ 182,16$ 198,00","$ 182,16c/u",Mi CRF 8%,https://carrefourar.vtexassets.com/arquivos/ids/183070-170-170?v=1765379902&width=170&height=170&aspect=true
Carrefour,seccion,ARG,"<span class=""vtex-product-summary-2-x-productBrand vtex-product-summary-2-x-brandName t-body"">Batata naranja Huella Natural x kg. </span>","$ 450,00",,,https://carrefourar.vtexassets.com/arquivos/ids/184366-170-170?v=1765382072&width=170&height=170&aspect=true
Carrefour,seccion,ARG,"<span class=""vtex-product-summary-2-x-productBrand vtex-product-summary-2-x-brandName t-body"">Queso crema San Ignacio light sin sal 480 g. </span>","$ 586,00",,,https://carrefourar.vtexassets.com/arquivos/ids/192509-170-170?v=1765381748&width=170&height=170&aspect=true
Carrefour,seccion,ARG,"<span class=""vtex-product-summary-2-x-productBrand vtex-product-summary-2-x-brandName t-body"">Galletas de arroz Dos Hermanos slim sin sal 100 g. </span>","$ 134,00",,,https://carrefourar.vtexassets.com/arquivos/ids/176668-170-170?v=1765376672&width=170&height=170&aspect=true
Carrefour,seccion,ARG,"<span class=""vtex-product-summary-2-x-productBrand vtex-product-summary-2-x-brandName t-body"">Tostadas Carrefour clásicas sin sal 180 g. </span>","$ 212,60",,,https://carrefourar.vtexassets.com/arquivos/ids/183322-170-170?v=1765373493&width=170&height=170&aspect=true
Carrefour,seccion,ARG,"<span class=""vtex-product-summary-2-x-productBrand vtex-product-summary-2-x-brandName t-body"">Kiwi Huella Natural x kg. </span>","$ 1.200,00",,,https://carrefourar.vtexassets.com/arquivos/ids/176827-170-170?v=1765382270&width=170&height=170&aspect=true
Carrefour,seccion,ARG,"<span class=""vtex-product-summary-2-x-productBrand vtex-product-summary-2-x-brandName t-body"">Harina de maiz Carrefour orgánico 500 g. </span>","$ 151,59$ 163,00","$ 151,59c/u",Mi CRF 7%,https://carrefourar.vtexassets.com/arquivos/ids/193085-170-170?v=1765373862&width=170&height=170&aspect=true
Carrefour,seccion,ARG,"<span class=""vtex-product-summary-2-x-productBrand vtex-product-summary-2-x-brandName t-body"">Esencia de vainilla Pergola 100 cc. Sin TACC </span>","$ 104,63$ 139,50","$ 104,63c/u",,https://carrefourar.vtexassets.com/arquivos/ids/188351-170-170?v=1765382394&width=170&height=170&aspect=true
Carrefour,seccion,ARG,"<span class=""vtex-product-summary-2-x-productBrand vtex-product-summary-2-x-brandName t-body"">Tostadas Carrefour sin sal 140 g. </span>","$ 253,89$ 279,00","$ 253,89c/u",Mi CRF 9%,https://carrefourar.vtexassets.com/arquivos/ids/183409-170-170?v=1765373401&width=170&height=170&aspect=true
Carrefour,seccion,ARG,"<span class=""vtex-product-summary-2-x-productBrand vtex-product-summary-2-x-brandName t-body"">Aperitivo sin alcohol Carrefour limón 1.5 l. </span>","$ 149,96$ 163,00","$ 149,96c/u",Mi CRF 8%,https://carrefourar.vtexassets.com/arquivos/ids/194444-170-170?v=1765384133&width=170&height=170&aspect=true
Carrefour,seccion,ARG,"<span class=""vtex-product-summary-2-x-productBrand vtex-product-summary-2-x-brandName t-body"">Tostadas Carrefour sin sal 200 g. </span>","$ 223,50",,,https://carrefourar.vtexassets.com/arquivos/ids/183315-170-170?v=1765377937&width=170&height=170&aspect=true
Carrefour,seccion,ARG,"<span class=""vtex-product-summary-2-x-productBrand vtex-product-summary-2-x-brandName t-body"">Aperitivo sin alcohol Carrefour pomelo 1.5 l. </span>","$ 149,96$ 163,00","$ 149,96c/u",Mi CRF 8%,https://carrefourar.vtexassets.com/arquivos/ids/194448-170-170?v=1765384978&width=170&height=170&aspect=true
Carrefour,seccion,ARG,"<span class=""vtex-product-summary-2-x-productBrand vtex-product-summary-2-x-brandName t-body"">Medallones de quinoa Nutree con lentejas, puerro y zanahoria 4 u. </span>","$ 578,00",,,https://carrefourar.vtexassets.com/arquivos/ids/179400-170-170?v=1765376744&width=170&height=170&aspect=true
Carrefour,seccion,ARG,"<span class=""vtex-product-summary-2-x-productBrand vtex-product-summary-2-x-brandName t-body"">Tostadas Tosti sin sal 140 g. </span>","$ 282,00",,,https://carrefourar.vtexassets.com/arquivos/ids/183150-170-170?v=1765372101&width=170&height=170&aspect=true
Carrefour,seccion,ARG,"<span class=""vtex-product-summary-2-x-productBrand vtex-product-summary-2-x-brandName t-body"">Galletas crackers marineras Carrefour sin sal 330 g. </span>","$ 228,60$ 254,00","$ 228,60c/u",Mi CRF 10%,https://carrefourar.vtexassets.com/arquivos/ids/176427-170-170?v=1765382771&width=170&height=170&aspect=true
Carrefour,seccion,ARG,"<span class=""vtex-product-summary-2-x-productBrand vtex-product-summary-2-x-brandName t-body"">Barrita de semillas Zafrán almendras y coco 3 x 28 g. sin TACC </span>","$ 427,00",,,https://carrefourar.vtexassets.com/arquivos/ids/262132-170-170?v=1765384923&width=170&height=170&aspect=true
Carrefour,seccion,ARG,"<span class=""vtex-product-summary-2-x-productBrand vtex-product-summary-2-x-brandName t-body"">Sal fina light Genser salero bajo sodio 300 g. </span>","$ 639,00",,,https://carrefourar.vtexassets.com/arquivos/ids/197076-170-170?v=1765373830&width=170&height=170&aspect=true
Carrefour,seccion,ARG,"<span class=""vtex-product-summary-2-x-productBrand vtex-product-summary-2-x-brandName t-body"">Galletas crackers Smams 150 g. sin TACC </span>","$ 271,00",,,https://carrefourar.vtexassets.com/arquivos/ids/176574-170-170?v=1765374077&width=170&height=170&aspect=true
Carrefour,seccion,ARG,"<span class=""vtex-product-summary-2-x-productBrand vtex-product-summary-2-x-brandName t-body"">Tostadas sin sal Tosti 200 g. </span>","$ 214,00",,,https://carrefourar.vtexassets.com/arquivos/ids/183132-170-170?v=1765383851&width=170&height=170&aspect=true
Carrefour,seccion,ARG,"<span class=""vtex-product-summary-2-x-productBrand vtex-product-summary-2-x-brandName t-body"">Salchicha parrillera Carrefour sin TACC envasada al vacío x kg. </span>","$ 1.600,00",,,https://carrefourar.vtexassets.com/arquivos/ids/253824-170-170?v=1765383830&width=170&height=170&aspect=true
Carrefour,seccion,ARG,"<span class=""vtex-product-summary-2-x-productBrand vtex-product-summary-2-x-brandName t-body"">Morcilla tipo criolla Magret sin TACC 400 g. </span>","$ 692,00",,,https://carrefourar.vtexassets.com/arquivos/ids/170145-170-170?v=1765384813&width=170&height=170&aspect=true
Carrefour,seccion,ARG,"<span class=""vtex-product-summary-2-x-productBrand vtex-product-summary-2-x-brandName t-body"">Azúcar impalpable Pergola 250 g. sin TACC </span>","$ 77,25$ 103,00","$ 77,25c/u",2do al 50% Mi Crf Max 6 Unidades combinable,https://carrefourar.vtexassets.com/arquivos/ids/188349-170-170?v=1765385486&width=170&height=170&aspect=true
Carrefour,seccion,ARG,"<span class=""vtex-product-summary-2-x-productBrand vtex-product-summary-2-x-brandName t-body"">Medallones de quinoa Nutree con batata y curry 4 u. </span>","$ 578,00",,,https://carrefourar.vtexassets.com/arquivos/ids/179398-170-170?v=1765376748&width=170&height=170&aspect=true
Carrefour,seccion,ARG,"<span class=""vtex-product-summary-2-x-productBrand vtex-product-summary-2-x-brandName t-body"">Galletitas crackers Criollitas sin sal 169 g. </span>","$ 149,00",,,https://carrefourar.vtexassets.com/arquivos/ids/176402-170-170?v=1765378424&width=170&height=170&aspect=true
Carrefour,seccion,ARG,"<span class=""vtex-product-summary-2-x-productBrand vtex-product-summary-2-x-brandName t-body"">Queso crema San Ignacio light sin sal 290 g. </span>","$ 404,00",,,https://carrefourar.vtexassets.com/arquivos/ids/192507-170-170?v=1765384981&width=170&height=170&aspect=true
Carrefour,seccion,ARG,"<span class=""vtex-product-summary-2-x-productBrand vtex-product-summary-2-x-brandName t-body"">Fideos fusilli Wakas multicereal kale 250 g. sin TACC </span>","$ 399,00",,,https://carrefourar.vtexassets.com/arquivos/ids/234573-170-170?v=1765373274&width=170&height=170&aspect=true
Carrefour,seccion,ARG,"<span class=""vtex-product-summary-2-x-productBrand vtex-product-summary-2-x-brandName t-body"">Aperitivo sin alcohol Carrefour citrus 1.5 l. </span>","$ 149,96$ 163,00","$ 149,96c/u",Mi CRF 8%,https://carrefourar.vtexassets.com/arquivos/ids/194451-170-170?v=1765384984&width=170&height=170&aspect=true
Carrefour,seccion,ARG,"<span class=""vtex-product-summary-2-x-productBrand vtex-product-summary-2-x-brandName t-body"">Biscuits Smams artesanales 120 g. sin TACC </span>","$ 378,00",,,https://carrefourar.vtexassets.com/arquivos/ids/176050-170-170?v=1765373425&width=170&height=170&aspect=true
Carrefour,seccion,ARG,"<span class=""vtex-product-summary-2-x-productBrand vtex-product-summary-2-x-brandName t-body"">Nuez moscada Pergola molida 25 g. sin TACC </span>","$ 221,50",,,https://carrefourar.vtexassets.com/arquivos/ids/176127-170-170?v=1765367825&width=170&height=170&aspect=true
Carrefour,seccion,ARG,"<span class=""vtex-product-summary-2-x-productBrand vtex-product-summary-2-x-brandName t-body"">Limón Huella Natural x kg. </span>","$ 365,00",,,https://carrefourar.vtexassets.com/arquivos/ids/184369-170-170?v=1765385086&width=170&height=170&aspect=true
Carrefour,seccion,ARG,"<span class=""vtex-product-summary-2-x-productBrand vtex-product-summary-2-x-brandName t-body"">Medallones de quinoa y brócoli Nutree 4 u. </span>","$ 578,00",,,https://carrefourar.vtexassets.com/arquivos/ids/179404-170-170?v=1765375496&width=170&height=170&aspect=true
Carrefour,seccion,ARG,"<span class=""vtex-product-summary-2-x-productBrand vtex-product-summary-2-x-brandName t-body"">Aperitivo sin alcohol Carrefour cordillera 1.5 l. </span>","$ 149,96$ 163,00","$ 149,96c/u",Mi CRF 8%,https://carrefourar.vtexassets.com/arquivos/ids/194446-170-170?v=1765383173&width=170&height=170&aspect=true
Carrefour,seccion,ARG,"<span class=""vtex-product-summary-2-x-productBrand vtex-product-summary-2-x-brandName t-body"">Ají molido Pergola 25 g. sin TACC </span>","$ 52,30",,,https://carrefourar.vtexassets.com/arquivos/ids/176115-170-170?v=1765378811&width=170&height=170&aspect=true
Carrefour,seccion,ARG,"<span class=""vtex-product-summary-2-x-productBrand vtex-product-summary-2-x-brandName t-body"">Medallones de quinoa y espinaca Nutree 4 u. </span>","$ 578,00",,,https://carrefourar.vtexassets.com/arquivos/ids/179406-170-170?v=1765377947&width=170&height=170&aspect=true
Carrefour,seccion,ARG,"<span class=""vtex-product-summary-2-x-productBrand vtex-product-summary-2-x-brandName t-body"">Medallones de quinoa Nutree con porotos y morrón 4 u. </span>","$ 578,00",,,https://carrefourar.vtexassets.com/arquivos/ids/179403-170-170?v=1765372562&width=170&height=170&aspect=true
Carrefour,seccion,ARG,"<span class=""vtex-product-summary-2-x-productBrand vtex-product-summary-2-x-brandName t-body"">Barrita de semillas Zafrán cajú y zapallo 3 x 28 g. sin TACC </span>","$ 427,00",,,https://carrefourar.vtexassets.com/arquivos/ids/262162-170-170?v=1765384922&width=170&height=170&aspect=true
Carrefour,seccion,ARG,"<span class=""vtex-product-summary-2-x-productBrand vtex-product-summary-2-x-brandName t-body"">Aceite de oliva Carrefour extra virgen orgánico botella 500 cc. </span>","$ 1.345,50$ 1.495,00","$ 1.345,50c/u",Mi CRF 10%,https://carrefourar.vtexassets.com/arquivos/ids/167077-170-170?v=1765384128&width=170&height=170&aspect=true
Carrefour,seccion,ARG,"<span class=""vtex-product-summary-2-x-productBrand vtex-product-summary-2-x-brandName t-body"">Bebida energizante Monster ultra paradise 473 ml. </span>","$ 357,00",,,https://carrefourar.vtexassets.com/arquivos/ids/307778-170-170?v=1765381881&width=170&height=170&aspect=true
Carrefour,seccion,ARG,"<span class=""vtex-product-summary-2-x-productBrand vtex-product-summary-2-x-brandName t-body"">Canela molida Pergola 25 g. sin TACC </span>","$ 72,38$ 96,50","$ 72,38c/u",2do al 50% Mi Crf Max 6 Unidades combinable,https://carrefourar.vtexassets.com/arquivos/ids/188353-170-170?v=1765384460&width=170&height=170&aspect=true
Carrefour,seccion,ARG,"<span class=""vtex-product-summary-2-x-productBrand vtex-product-summary-2-x-brandName t-body"">Galletitas mini crackers Carrefour sin sal 300 g. </span>","$ 193,44$ 208,00","$ 193,44c/u",Mi CRF 7%,https://carrefourar.vtexassets.com/arquivos/ids/176550-170-170?v=1765373630&width=170&height=170&aspect=true
Carrefour,seccion,ARG,"<span class=""vtex-product-summary-2-x-productBrand vtex-product-summary-2-x-brandName t-body"">Chorizo de cerdo envasado al vacío Carrefour sin TACC x kg. </span>","$ 1.430,00",,,https://carrefourar.vtexassets.com/arquivos/ids/253840-170-170?v=1765384265&width=170&height=170&aspect=true
Carrefour,seccion,ARG,"<span class=""vtex-product-summary-2-x-productBrand vtex-product-summary-2-x-brandName t-body"">Barrita de semillas Zafrán maní y cacao 3 x 28 g. sin TACC </span>","$ 427,00",,,https://carrefourar.vtexassets.com/arquivos/ids/262127-170-170?v=1765380535&width=170&height=170&aspect=true
Carrefour,seccion,ARG,"<span class=""vtex-product-summary-2-x-productBrand vtex-product-summary-2-x-brandName t-body"">Premezcla para bizcochuelo Carrefour vainilla 480 g. sin TACC </span>","$ 515,97$ 567,00","$ 515,97c/u",Mi CRF 9%,https://carrefourar.vtexassets.com/arquivos/ids/180029-170-170?v=1765374815&width=170&height=170&aspect=true
Carrefour,seccion,ARG,"<span class=""vtex-product-summary-2-x-productBrand vtex-product-summary-2-x-brandName t-body"">Pasas de uva Terrasana orgánicas 200 g. </span>","$ 342,00$ 456,00","$ 342,00c/u",2do al 50% Mi Crf Max 6 Unidades combinable,https://carrefourar.vtexassets.com/arquivos/ids/177013-170-170?v=1765384975&width=170&height=170&aspect=true
Carrefour,seccion,ARG,"<span class=""vtex-product-summary-2-x-productBrand vtex-product-summary-2-x-brandName t-body"">Galletitas Smams chocolate sin TACC 250 g. </span>","$ 371,00",,,https://carrefourar.vtexassets.com/arquivos/ids/176062-170-170?v=1765384892&width=170&height=170&aspect=true
Carrefour,seccion,ARG,"<span class=""vtex-product-summary-2-x-productBrand vtex-product-summary-2-x-brandName t-body"">Galletitas de chocolate Smams rellenas 105 g. sin TACC </span>","$ 220,00",,,https://carrefourar.vtexassets.com/arquivos/ids/176045-170-170?v=1765384889&width=170&height=170&aspect=true
Carrefour,seccion,ARG,"<span class=""vtex-product-summary-2-x-productBrand vtex-product-summary-2-x-brandName t-body"">Orégano Pérgola 25 g. sin TACC </span>","$ 90,60",,,https://carrefourar.vtexassets.com/arquivos/ids/176130-170-170?v=1765372381&width=170&height=170&aspect=true
Carrefour,seccion,ARG,"<span class=""vtex-product-summary-2-x-productBrand vtex-product-summary-2-x-brandName t-body"">Pan para hamburguesas Carrefour 120 g. sin TACC </span>","$ 348,68$ 379,00","$ 348,68c/u",Mi CRF 8%,https://carrefourar.vtexassets.com/arquivos/ids/179850-170-170?v=1765373760&width=170&height=170&aspect=true
Carrefour,seccion,ARG,"<span class=""vtex-product-summary-2-x-productBrand vtex-product-summary-2-x-brandName t-body"">Condimento para arroz Pergola 25 g. sin TACC </span>","$ 52,30",,,https://carrefourar.vtexassets.com/arquivos/ids/176147-170-170?v=1765369905&width=170&height=170&aspect=true
Carrefour,seccion,ARG,"<span class=""vtex-product-summary-2-x-productBrand vtex-product-summary-2-x-brandName t-body"">Salsa de soja Darama sin sal agregada 220 cc. </span>","$ 546,00",,,https://carrefourar.vtexassets.com/arquivos/ids/181632-170-170?v=1765378103&width=170&height=170&aspect=true
Carrefour,seccion,ARG,"<span class=""vtex-product-summary-2-x-productBrand vtex-product-summary-2-x-brandName t-body"">Hamburguesa Huella Natural 2 u. </span>","$ 439,00",,,https://carrefourar.vtexassets.com/arquivos/ids/176938-170-170?v=1765376812&width=170&height=170&aspect=true
Carrefour,seccion,ARG,"<span class=""vtex-product-summary-2-x-productBrand vtex-product-summary-2-x-brandName t-body"">Medallón de choclo Medave 320 g. sin TACC </span>","$ 309,00",,,https://carrefourar.vtexassets.com/arquivos/ids/179524-170-170?v=1765373287&width=170&height=170&aspect=true
Carrefour,seccion,ARG,"<span class=""vtex-product-summary-2-x-productBrand vtex-product-summary-2-x-brandName t-body"">Galleta cracker Grun orgánica con liro y chía 140 g. </span>","$ 327,25",,,https://carrefourar.vtexassets.com/arquivos/ids/183200-170-170?v=1765384467&width=170&height=170&aspect=true
Carrefour,seccion,ARG,"<span class=""vtex-product-summary-2-x-productBrand vtex-product-summary-2-x-brandName t-body"">Pan para hamburguesa Delician 2 u. sin TACC </span>","$ 422,00",,,https://carrefourar.vtexassets.com/arquivos/ids/179825-170-170?v=1765378776&width=170&height=170&aspect=true
Carrefour,seccion,ARG,"<span class=""vtex-product-summary-2-x-productBrand vtex-product-summary-2-x-brandName t-body"">Arroz integral Terrasana grano largo orgánico 500 g. </span>","$ 397,00",,,https://carrefourar.vtexassets.com/arquivos/ids/171047-170-170?v=1765384013&width=170&height=170&aspect=true
Carrefour,seccion,ARG,"<span class=""vtex-product-summary-2-x-productBrand vtex-product-summary-2-x-brandName t-body"">Galletitas de arroz sin sal Crisppino 100 g. sin TACC </span>","$ 167,50",,,https://carrefourar.vtexassets.com/arquivos/ids/176773-170-170?v=1765385206&width=170&height=170&aspect=true
Carrefour,seccion,ARG,"<span class=""vtex-product-summary-2-x-productBrand vtex-product-summary-2-x-brandName t-body"">Tostadas clásicas Carrefour 130 g. sin TACC </span>","$ 729,56$ 793,00","$ 729,56c/u",Mi CRF 8%,https://carrefourar.vtexassets.com/arquivos/ids/233320-170-170?v=1765374438&width=170&height=170&aspect=true
Carrefour,seccion,ARG,"<span class=""vtex-product-summary-2-x-productBrand vtex-product-summary-2-x-brandName t-body"">Salsa de soja La Parmesana light 300 cc. </span>","$ 347,70",,,https://carrefourar.vtexassets.com/arquivos/ids/182262-170-170?v=1765373485&width=170&height=170&aspect=true
Carrefour,seccion,ARG,"<span class=""vtex-product-summary-2-x-productBrand vtex-product-summary-2-x-brandName t-body"">Queso crema San Ignacio entero sin sal 290 g. </span>","$ 401,00",,,https://carrefourar.vtexassets.com/arquivos/ids/192506-170-170?v=1765382873&width=170&height=170&aspect=true
Carrefour,seccion,ARG,"<span class=""vtex-product-summary-2-x-productBrand vtex-product-summary-2-x-brandName t-body"">Aceitunas verdes Terrasana gigante orgánico 250 g. </span>","$ 600,00",,,https://carrefourar.vtexassets.com/arquivos/ids/170128-170-170?v=1765372469&width=170&height=170&aspect=true
Carrefour,seccion,ARG,"<span class=""vtex-product-summary-2-x-productBrand vtex-product-summary-2-x-brandName t-body"">Pan de campo Carrefour 190 g. sin TACC </span>","$ 482,67$ 519,00","$ 482,67c/u",Mi CRF 7%,https://carrefourar.vtexassets.com/arquivos/ids/179786-170-170?v=1765378100&width=170&height=170&aspect=true
Carrefour,seccion,ARG,"<span class=""vtex-product-summary-2-x-productBrand vtex-product-summary-2-x-brandName t-body"">Pan rallado Carrefour provenzal 350 g. sin TACC </span>","$ 348,68$ 379,00","$ 348,68c/u",Mi CRF 8%,https://carrefourar.vtexassets.com/arquivos/ids/193125-170-170?v=1765374609&width=170&height=170&aspect=true
Carrefour,seccion,ARG,"<span class=""vtex-product-summary-2-x-productBrand vtex-product-summary-2-x-brandName t-body"">Condimento para pizza Pergola 25 g. sin TACC </span>","$ 101,00",,,https://carrefourar.vtexassets.com/arquivos/ids/176144-170-170?v=1765369945&width=170&height=170&aspect=true
Carrefour,seccion,ARG,"<span class=""vtex-product-summary-2-x-productBrand vtex-product-summary-2-x-brandName t-body"">Galleta grisin Grun orgánica con lira y chía 145 g. </span>","$ 374,00",,,https://carrefourar.vtexassets.com/arquivos/ids/183220-170-170?v=1765385581&width=170&height=170&aspect=true
Carrefour,seccion,ARG,"<span class=""vtex-product-summary-2-x-productBrand vtex-product-summary-2-x-brandName t-body"">Premezcla para pizza Arcor 500 g. Sin TACC </span>","$ 605,00",,,https://carrefourar.vtexassets.com/arquivos/ids/180245-170-170?v=1765378512&width=170&height=170&aspect=true
Carrefour,seccion,ARG,"<span class=""vtex-product-summary-2-x-productBrand vtex-product-summary-2-x-brandName t-body"">Shampoo Capilatis con aloe vera 100% orgánico 420 cc. </span>","$ 1.022,00",,,https://carrefourar.vtexassets.com/arquivos/ids/262367-170-170?v=1765380647&width=170&height=170&aspect=true
Carrefour,seccion,ARG,"<span class=""vtex-product-summary-2-x-productBrand vtex-product-summary-2-x-brandName t-body"">Tratamiento capilar Capilatis con aloe vera 100% orgánico 170 g. </span>","$ 766,00",,,https://carrefourar.vtexassets.com/arquivos/ids/262352-170-170?v=1765373502&width=170&height=170&aspect=true
Carrefour,seccion,ARG,"<span class=""vtex-product-summary-2-x-productBrand vtex-product-summary-2-x-brandName t-body"">Bizcochitos dulces Smams 150 g. sin TACC </span>","$ 280,00",,,https://carrefourar.vtexassets.com/arquivos/ids/171146-170-170?v=1765374440&width=170&height=170&aspect=true
Carrefour,seccion,ARG,"<span class=""vtex-product-summary-2-x-productBrand vtex-product-summary-2-x-brandName t-body"">Leche de coco Sococo UAT 200 cc. </span>","$ 627,75$ 837,00","$ 627,75c/u",2do al 50% Mi Crf Max 6 Unidades combinable,https://carrefourar.vtexassets.com/arquivos/ids/178409-170-170?v=1765365815&width=170&height=170&aspect=true
Carrefour,seccion,ARG,"<span class=""vtex-product-summary-2-x-productBrand vtex-product-summary-2-x-brandName t-body"">Langostinos crudos pelados Huella Natural 500 g. </span>","$ 2.100,00$ 2.475,00","$ 2.100,00- 15% Off",,https://carrefourar.vtexassets.com/arquivos/ids/181505-170-170?v=1765378012&width=170&height=170&aspect=true
Carrefour,seccion,ARG,"<span class=""vtex-product-summary-2-x-productBrand vtex-product-summary-2-x-brandName t-body"">Galletitas orgánicas Zafranito vainilla 150 g. </span>","$ 289,00",,,https://carrefourar.vtexassets.com/arquivos/ids/262130-170-170?v=1765373309&width=170&height=170&aspect=true
Carrefour,seccion,ARG,"<span class=""vtex-product-summary-2-x-productBrand vtex-product-summary-2-x-brandName t-body"">Tostadas de arroz Lulemuu multisemillas 110 g. sin TACC </span>","$ 151,50",,,https://carrefourar.vtexassets.com/arquivos/ids/183293-170-170?v=1765377755&width=170&height=170&aspect=true
Carrefour,seccion,ARG,"<span class=""vtex-product-summary-2-x-productBrand vtex-product-summary-2-x-brandName t-body"">Barra de cereal Zafrán almendras coco 28 g. sin TACC </span>","$ 176,50",,,https://carrefourar.vtexassets.com/arquivos/ids/171269-170-170?v=1765383788&width=170&height=170&aspect=true
Carrefour,seccion,ARG,"<span class=""vtex-product-summary-2-x-productBrand vtex-product-summary-2-x-brandName t-body"">Bálsamo Capilatis con aloe vera 100% orgánico 420 cc. </span>","$ 1.022,00",,,https://carrefourar.vtexassets.com/arquivos/ids/262348-170-170?v=1765379225&width=170&height=170&aspect=true
Carrefour,seccion,ARG,"<span class=""vtex-product-summary-2-x-productBrand vtex-product-summary-2-x-brandName t-body"">Galletitas Smams vainilla rellenas sabor frutilla 105 g. SIN TACC </span>","$ 220,00",,,https://carrefourar.vtexassets.com/arquivos/ids/176060-170-170?v=1765384890&width=170&height=170&aspect=true
Carrefour,seccion,ARG,"<span class=""vtex-product-summary-2-x-productBrand vtex-product-summary-2-x-brandName t-body"">Coquitos 6 u. sin TACC </span>","$ 458,00",,,https://carrefourar.vtexassets.com/arquivos/ids/175014-170-170?v=1765385523&width=170&height=170&aspect=true
Carrefour,seccion,ARG,"<span class=""vtex-product-summary-2-x-productBrand vtex-product-summary-2-x-brandName t-body"">Galletitas orgánicas Zafranito chocolate 150 g. </span>","$ 224,40",,,https://carrefourar.vtexassets.com/arquivos/ids/262125-170-170?v=1765384467&width=170&height=170&aspect=true
Carrefour,seccion,ARG,"<span class=""vtex-product-summary-2-x-productBrand vtex-product-summary-2-x-brandName t-body"">Pan de mesa Carrefour blanco 200 g. sin TACC </span>","$ 438,62$ 482,00","$ 438,62c/u",Mi CRF 9%,https://carrefourar.vtexassets.com/arquivos/ids/179766-170-170?v=1765374368&width=170&height=170&aspect=true
Carrefour,seccion,ARG,"<span class=""vtex-product-summary-2-x-productBrand vtex-product-summary-2-x-brandName t-body"">Premezcla sin TACC bizcochuelo vainilla Arcor 500 g. </span>","$ 583,00",,,https://carrefourar.vtexassets.com/arquivos/ids/180161-170-170?v=1765374394&width=170&height=170&aspect=true
Carrefour,seccion,ARG,"<span class=""vtex-product-summary-2-x-productBrand vtex-product-summary-2-x-brandName t-body"">Tostadas con semillas Carrefour 130 g. sin TACC </span>","$ 729,56$ 793,00","$ 729,56c/u",Mi CRF 8%,https://carrefourar.vtexassets.com/arquivos/ids/183080-170-170?v=1765371171&width=170&height=170&aspect=true
Carrefour,seccion,ARG,"<span class=""vtex-product-summary-2-x-productBrand vtex-product-summary-2-x-brandName t-body"">Premezcla para volcán de chocolate 123 Listo 220 g. sin TACC </span>","$ 596,00",,,https://carrefourar.vtexassets.com/arquivos/ids/180343-170-170?v=1765368645&width=170&height=170&aspect=true
Carrefour,seccion,ARG,"<span class=""vtex-product-summary-2-x-productBrand vtex-product-summary-2-x-brandName t-body"">Barra de cereal Zafrán cajú semillas de zapallo 28 g. sin TACC </span>","$ 169,50",,,https://carrefourar.vtexassets.com/arquivos/ids/171273-170-170?v=1765378068&width=170&height=170&aspect=true
Carrefour,seccion,ARG,"<span class=""vtex-product-summary-2-x-productBrand vtex-product-summary-2-x-brandName t-body"">Galletitas Smams vainilla con relleno 105 g. SIN TACC </span>","$ 220,00",,,https://carrefourar.vtexassets.com/arquivos/ids/176048-170-170?v=1765374093&width=170&height=170&aspect=true
Carrefour,seccion,ARG,"<span class=""vtex-product-summary-2-x-productBrand vtex-product-summary-2-x-brandName t-body"">Tostadas de arroz Lulemuu con sal 120 g. sin TACC </span>","$ 151,50",,,https://carrefourar.vtexassets.com/arquivos/ids/183283-170-170?v=1765384973&width=170&height=170&aspect=true
Carrefour,seccion,ARG,"<span class=""vtex-product-summary-2-x-productBrand vtex-product-summary-2-x-brandName t-body"">Premezcla para muffins 123 Listo vainilla 420 g. sin TACC </span>","$ 487,20",,,https://carrefourar.vtexassets.com/arquivos/ids/180336-170-170?v=1765374081&width=170&height=170&aspect=true
Carrefour,seccion,ARG,"<span class=""vtex-product-summary-2-x-productBrand vtex-product-summary-2-x-brandName t-body"">Barra de cereal Zafrán maní cacao 28 g. sin TACC </span>","$ 169,50",,,https://carrefourar.vtexassets.com/arquivos/ids/171271-170-170?v=1765378057&width=170&height=170&aspect=true
Carrefour,seccion,ARG,"<span class=""vtex-product-summary-2-x-productBrand vtex-product-summary-2-x-brandName t-body"">Leche de coco light Sococo 200 cc. </span>","$ 674,25$ 899,00","$ 674,25c/u",2do al 50% Mi Crf Max 6 Unidades combinable,https://carrefourar.vtexassets.com/arquivos/ids/178402-170-170?v=1765365944&width=170&height=170&aspect=true
Carrefour,seccion,ARG,"<span class=""vtex-product-summary-2-x-productBrand vtex-product-summary-2-x-brandName t-body"">Krabas Santa elena sin TACC preformado de surimi 300 g. </span>","$ 999,00",,,https://carrefourar.vtexassets.com/arquivos/ids/181712-170-170?v=1765373509&width=170&height=170&aspect=true
Carrefour,seccion,ARG,"<span class=""vtex-product-summary-2-x-productBrand vtex-product-summary-2-x-brandName t-body"">Papas fritas JuliCroc asado criollo 70 g.sin TACC </span>","$ 312,00",,,https://carrefourar.vtexassets.com/arquivos/ids/193516-170-170?v=1765384974&width=170&height=170&aspect=true
Carrefour,seccion,ARG,"<span class=""vtex-product-summary-2-x-productBrand vtex-product-summary-2-x-brandName t-body"">Premezcla para muffins 123 Listo chocolate 420 g. sin TACC </span>","$ 487,20",,,https://carrefourar.vtexassets.com/arquivos/ids/180339-170-170?v=1765373272&width=170&height=170&aspect=true
Carrefour,seccion,ARG,"<span class=""vtex-product-summary-2-x-productBrand vtex-product-summary-2-x-brandName t-body"">Leche de coco Sococo 200 cc. </span>","$ 411,00$ 548,00","$ 411,00c/u",2do al 50% Mi Crf Max 6 Unidades combinable,https://carrefourar.vtexassets.com/arquivos/ids/178395-170-170?v=1765362035&width=170&height=170&aspect=true
Carrefour,seccion,ARG,"<span class=""vtex-product-summary-2-x-productBrand vtex-product-summary-2-x-brandName t-body"">Tabletas Freddo sin TACC dulce de leche 6 u. </span>","$ 1.280,00",,,https://carrefourar.vtexassets.com/arquivos/ids/177023-170-170?v=1765384681&width=170&height=170&aspect=true
Carrefour,seccion,ARG,"<span class=""vtex-product-summary-2-x-productBrand vtex-product-summary-2-x-brandName t-body"">Fideos integrales codito orgánicos Grun 500 g. </span>","$ 620,00",,,https://carrefourar.vtexassets.com/arquivos/ids/175225-170-170?v=1765372000&width=170&height=170&aspect=true
Carrefour,seccion,ARG,"<span class=""vtex-product-summary-2-x-productBrand vtex-product-summary-2-x-brandName t-body"">Galletitas Aglu vainilla con gotitas de chocolate 180 g. SIN TACC </span>","$ 442,00",,,https://carrefourar.vtexassets.com/arquivos/ids/175927-170-170?v=1765382152&width=170&height=170&aspect=true
Carrefour,seccion,ARG,"<span class=""vtex-product-summary-2-x-productBrand vtex-product-summary-2-x-brandName t-body"">Leche de coco Sococo 500 cc. </span>","$ 1.605,00$ 2.140,00","$ 1.605,00c/u",2do al 50% Mi Crf Max 6 Unidades combinable,https://carrefourar.vtexassets.com/arquivos/ids/178398-170-170?v=1765356020&width=170&height=170&aspect=true
Carrefour,seccion,ARG,"<span class=""vtex-product-summary-2-x-productBrand vtex-product-summary-2-x-brandName t-body"">Helado Freddo sin TACC chocolate doble tentación 375 g. </span>","$ 952,00",,,https://carrefourar.vtexassets.com/arquivos/ids/177033-170-170?v=1765378096&width=170&height=170&aspect=true
Carrefour,seccion,ARG,"<span class=""vtex-product-summary-2-x-productBrand vtex-product-summary-2-x-brandName t-body"">Premezcla para muffins 123 Listo calabaza y zanahoria 420 g. sin TACC </span>","$ 641,60",,,https://carrefourar.vtexassets.com/arquivos/ids/180240-170-170?v=1765369512&width=170&height=170&aspect=true
Carrefour,seccion,ARG,"<span class=""vtex-product-summary-2-x-productBrand vtex-product-summary-2-x-brandName t-body"">Pimienta blanca molida Pérgola 25 g. sin TACC </span>","$ 235,50",,,https://carrefourar.vtexassets.com/arquivos/ids/176136-170-170?v=1765364550&width=170&height=170&aspect=true
Carrefour,seccion,ARG,"<span class=""vtex-product-summary-2-x-productBrand vtex-product-summary-2-x-brandName t-body"">Galletitas con fibra Schär 150 g. sin TACC </span>","$ 401,00",,,https://carrefourar.vtexassets.com/arquivos/ids/176148-170-170?v=1765364787&width=170&height=170&aspect=true
Carrefour,seccion,ARG,"<span class=""vtex-product-summary-2-x-productBrand vtex-product-summary-2-x-brandName t-body"">Yogur bebible Yogurade vainilla sin azúcar 250 g. </span>","$ 302,00",,,https://carrefourar.vtexassets.com/arquivos/ids/186263-170-170?v=1765381680&width=170&height=170&aspect=true
Carrefour,seccion,ARG,"<span class=""vtex-product-summary-2-x-productBrand vtex-product-summary-2-x-brandName t-body"">Fideos codito Wakas poroto chia 250 g. sin TACC </span>","$ 540,00",,,https://carrefourar.vtexassets.com/arquivos/ids/175237-170-170?v=1765376759&width=170&height=170&aspect=true
Carrefour,seccion,ARG,"<span class=""vtex-product-summary-2-x-productBrand vtex-product-summary-2-x-brandName t-body"">Premezcla para muffins 123 LISTO espinaca y cereales 420 g. Sin TACC </span>","$ 530,40",,,https://carrefourar.vtexassets.com/arquivos/ids/180237-170-170?v=1765373609&width=170&height=170&aspect=true
Carrefour,seccion,ARG,"<span class=""vtex-product-summary-2-x-productBrand vtex-product-summary-2-x-brandName t-body"">Mini cake Delician coco y dulce de leche 150 g. sin TACC </span>","$ 475,00",,,https://carrefourar.vtexassets.com/arquivos/ids/175059-170-170?v=1765378788&width=170&height=170&aspect=true
Carrefour,seccion,ARG,"<span class=""vtex-product-summary-2-x-productBrand vtex-product-summary-2-x-brandName t-body"">Galletitas Doninas JuliCroc mix de semillas 200 g. sin TACC </span>","$ 507,00",,,https://carrefourar.vtexassets.com/arquivos/ids/175741-170-170?v=1765384132&width=170&height=170&aspect=true
Carrefour,seccion,ARG,"<span class=""vtex-product-summary-2-x-productBrand vtex-product-summary-2-x-brandName t-body"">Molinillo Indo Deli pollitos sin sal 40 g. </span>","$ 964,00",,,https://carrefourar.vtexassets.com/arquivos/ids/176158-170-170?v=1765374100&width=170&height=170&aspect=true
Carrefour,seccion,ARG,"<span class=""vtex-product-summary-2-x-productBrand vtex-product-summary-2-x-brandName t-body"">Bebida isotónica Carrefour blueberry cero azúcar 750 cc. </span>","$ 135,00",,,https://carrefourar.vtexassets.com/arquivos/ids/233102-170-170?v=1765374421&width=170&height=170&aspect=true
Carrefour,seccion,ARG,"<span class=""vtex-product-summary-2-x-productBrand vtex-product-summary-2-x-brandName t-body"">Leche de coco light Sococo 500 cc. </span>","$ 1.477,50$ 1.970,00","$ 1.477,50c/u",2do al 50% Mi Crf Max 6 Unidades combinable,https://carrefourar.vtexassets.com/arquivos/ids/178405-170-170?v=1765355880&width=170&height=170&aspect=true
Carrefour,seccion,ARG,"<span class=""vtex-product-summary-2-x-productBrand vtex-product-summary-2-x-brandName t-body"">Sopa de maíz familiar Teramo sin TACC 86 g. </span>","$ 624,00",,,https://carrefourar.vtexassets.com/arquivos/ids/275144-170-170?v=1765384909&width=170&height=170&aspect=true
Carrefour,seccion,ARG,"<span class=""vtex-product-summary-2-x-productBrand vtex-product-summary-2-x-brandName t-body"">Chips de pan Delician 4 u. sin TACC </span>","$ 484,00",,,https://carrefourar.vtexassets.com/arquivos/ids/175084-170-170?v=1765378781&width=170&height=170&aspect=true
Carrefour,seccion,ARG,"<span class=""vtex-product-summary-2-x-productBrand vtex-product-summary-2-x-brandName t-body"">Bizcochos de arroz Lulemuu salados 50 g. SIN TACC </span>","$ 113,00",,,https://carrefourar.vtexassets.com/arquivos/ids/176759-170-170?v=1765377951&width=170&height=170&aspect=true
Carrefour,seccion,ARG,"<span class=""vtex-product-summary-2-x-productBrand vtex-product-summary-2-x-brandName t-body"">Mix de frutos secos Zafrán almendras pasas 28 g. sin TACC </span>","$ 184,50",,,https://carrefourar.vtexassets.com/arquivos/ids/176945-170-170?v=1765356659&width=170&height=170&aspect=true
Carrefour,seccion,ARG,"<span class=""vtex-product-summary-2-x-productBrand vtex-product-summary-2-x-brandName t-body"">Tostadas de arroz Lulemuu sin sal 120 g. sin TACC </span>","$ 147,00",,,https://carrefourar.vtexassets.com/arquivos/ids/183287-170-170?v=1765374432&width=170&height=170&aspect=true
Carrefour,seccion,ARG,"<span class=""vtex-product-summary-2-x-productBrand vtex-product-summary-2-x-brandName t-body"">Barra de cereal Zafrán manzana chía 28 g. sin TACC </span>","$ 169,50",,,https://carrefourar.vtexassets.com/arquivos/ids/171272-170-170?v=1765373666&width=170&height=170&aspect=true
Carrefour,seccion,ARG,"<span class=""vtex-product-summary-2-x-productBrand vtex-product-summary-2-x-brandName t-body"">Premezcla para galletas dulces Carrefour 225 g. sin TACC </span>","$ 527,31$ 567,00","$ 527,31c/u",Mi CRF 7%,https://carrefourar.vtexassets.com/arquivos/ids/180036-170-170?v=1765349096&width=170&height=170&aspect=true
Carrefour,seccion,ARG,"<span class=""vtex-product-summary-2-x-productBrand vtex-product-summary-2-x-brandName t-body"">Mix de frutos secos Zafrán almendras maní picante 28 g. sin TACC </span>","$ 184,50",,,https://carrefourar.vtexassets.com/arquivos/ids/176954-170-170?v=1765365193&width=170&height=170&aspect=true
Carrefour,seccion,ARG,"<span class=""vtex-product-summary-2-x-productBrand vtex-product-summary-2-x-brandName t-body"">Helado Freddo sin TACC dulce de leche tentación 375 g. </span>","$ 952,00",,,https://carrefourar.vtexassets.com/arquivos/ids/177036-170-170?v=1765374118&width=170&height=170&aspect=true
Carrefour,seccion,ARG,"<span class=""vtex-product-summary-2-x-productBrand vtex-product-summary-2-x-brandName t-body"">Galletitas Aglu chocolate 150 g. SIN TACC. </span>","$ 394,00",,,https://carrefourar.vtexassets.com/arquivos/ids/175919-170-170?v=1765382152&width=170&height=170&aspect=true
Carrefour,seccion,ARG,"<span class=""vtex-product-summary-2-x-productBrand vtex-product-summary-2-x-brandName t-body"">Bebida isotónica Carrefour manzana cero azúcar 750 cc. </span>","$ 135,00",,,https://carrefourar.vtexassets.com/arquivos/ids/233101-170-170?v=1765381247&width=170&height=170&aspect=true
Carrefour,seccion,ARG,"<span class=""vtex-product-summary-2-x-productBrand vtex-product-summary-2-x-brandName t-body"">Tostadas dulces Carrefour 130 g. sin TACC </span>","$ 729,56$ 793,00","$ 729,56c/u",Mi CRF 8%,https://carrefourar.vtexassets.com/arquivos/ids/183081-170-170?v=1765374093&width=170&height=170&aspect=true
Carrefour,seccion,ARG,"<span class=""vtex-product-summary-2-x-productBrand vtex-product-summary-2-x-brandName t-body"">Mix Zafrán cajú arándanos curry 28 g. sin TACC </span>","$ 184,50",,,https://carrefourar.vtexassets.com/arquivos/ids/176948-170-170?v=1765380113&width=170&height=170&aspect=true
Carrefour,seccion,ARG,"<span class=""vtex-product-summary-2-x-productBrand vtex-product-summary-2-x-brandName t-body"">Galletitas Aglu vainilla 500 g. SIN TACC </span>","$ 544,00",,,https://carrefourar.vtexassets.com/arquivos/ids/175922-170-170?v=1765384133&width=170&height=170&aspect=true
Carrefour,seccion,ARG,"<span class=""vtex-product-summary-2-x-productBrand vtex-product-summary-2-x-brandName t-body"">Bebida isotónica Carrefour naranja cero azúcar 750 cc. </span>","$ 135,00",,,https://carrefourar.vtexassets.com/arquivos/ids/233103-170-170?v=1765381246&width=170&height=170&aspect=true
Carrefour,seccion,ARG,"<span class=""vtex-product-summary-2-x-productBrand vtex-product-summary-2-x-brandName t-body"">Durazno especial Huella Natural x kg. </span>","$ 780,00",,,https://carrefourar.vtexassets.com/arquivos/ids/176861-170-170?v=1765385623&width=170&height=170&aspect=true
Carrefour,seccion,ARG,"<span class=""vtex-product-summary-2-x-productBrand vtex-product-summary-2-x-brandName t-body"">Bebida isotónica Carrefour frutas tropicales cero azúcar 750 cc. </span>","$ 135,00",,,https://carrefourar.vtexassets.com/arquivos/ids/233104-170-170?v=1765384309&width=170&height=170&aspect=true
Carrefour,seccion,ARG,"<span class=""vtex-product-summary-2-x-productBrand vtex-product-summary-2-x-brandName t-body"">Bizcochos de arroz Lulemuu dulces 50 g. SIN TACC </span>","$ 113,00",,,https://carrefourar.vtexassets.com/arquivos/ids/176757-170-170?v=1765373944&width=170&height=170&aspect=true
Carrefour,seccion,ARG,"<span class=""vtex-product-summary-2-x-productBrand vtex-product-summary-2-x-brandName t-body"">Pan de mesa Carrefour semillas 200 g. sin TACC </span>","$ 481,16$ 523,00","$ 481,16c/u",Mi CRF 8%,https://carrefourar.vtexassets.com/arquivos/ids/179769-170-170?v=1765384137&width=170&height=170&aspect=true
Carrefour,seccion,ARG,"<span class=""vtex-product-summary-2-x-productBrand vtex-product-summary-2-x-brandName t-body"">Helado de leche de coco Haulani frutilla 500 cc. </span>","$ 1.040,00",,,https://carrefourar.vtexassets.com/arquivos/ids/177161-170-170?v=1765379571&width=170&height=170&aspect=true
Carrefour,seccion,ARG,"<span class=""vtex-product-summary-2-x-productBrand vtex-product-summary-2-x-brandName t-body"">Premezcla para pastas Carrefour 200 g. sin TACC </span>","$ 480,24$ 522,00","$ 480,24c/u",Mi CRF 8%,https://carrefourar.vtexassets.com/arquivos/ids/180192-170-170?v=1765101322&width=170&height=170&aspect=true
Carrefour,seccion,ARG,"<span class=""vtex-product-summary-2-x-productBrand vtex-product-summary-2-x-brandName t-body"">Mix de frutos secos Zafrán salsa de soja 28 g. sin TACC </span>","$ 184,50",,,https://carrefourar.vtexassets.com/arquivos/ids/176951-170-170?v=1765364859&width=170&height=170&aspect=true
Carrefour,seccion,ARG,"<span class=""vtex-product-summary-2-x-productBrand vtex-product-summary-2-x-brandName t-body"">Helado de leche de coco Haulani chocolate 440 g. </span>","$ 1.085,00",,,https://carrefourar.vtexassets.com/arquivos/ids/232660-170-170?v=1765377931&width=170&height=170&aspect=true
Carrefour,seccion,ARG,"<span class=""vtex-product-summary-2-x-productBrand vtex-product-summary-2-x-brandName t-body"">Barritas cereal sin TACC surtidas Havanna x 6 uni </span>","$ 1.465,00",,,https://carrefourar.vtexassets.com/arquivos/ids/171255-170-170?v=1765355890&width=170&height=170&aspect=true
Carrefour,seccion,ARG,"<span class=""vtex-product-summary-2-x-productBrand vtex-product-summary-2-x-brandName t-body"">Ñoquis Leofanti sin TACC espinaca veganos 250 g. </span>","$ 345,00",,,https://carrefourar.vtexassets.com/arquivos/ids/183853-170-170?v=1765374422&width=170&height=170&aspect=true
Carrefour,seccion,ARG,"<span class=""vtex-product-summary-2-x-productBrand vtex-product-summary-2-x-brandName t-body"">Ñoquis Leofanti sin TACC calabaza veganos 250 g. </span>","$ 345,00",,,https://carrefourar.vtexassets.com/arquivos/ids/183858-170-170?v=1765374441&width=170&height=170&aspect=true
Carrefour,seccion,ARG,"<span class=""vtex-product-summary-2-x-productBrand vtex-product-summary-2-x-brandName t-body"">Ñoquis Leofanti sin TACC remolacha veganos 250 g. </span>","$ 345,00",,,https://carrefourar.vtexassets.com/arquivos/ids/183893-170-170?v=1765374409&width=170&height=170&aspect=true
Carrefour,seccion,ARG,"<span class=""vtex-product-summary-2-x-productBrand vtex-product-summary-2-x-brandName t-body"">Grisines Bammi sin sal 145 g. </span>","$ 371,00",,,https://carrefourar.vtexassets.com/arquivos/ids/183481-170-170?v=1765364239&width=170&height=170&aspect=true
Carrefour,seccion,ARG,"<span class=""vtex-product-summary-2-x-productBrand vtex-product-summary-2-x-brandName t-body"">Galletitas Morixe mini sin sal 250 g. </span>","$ 191,60",,,https://carrefourar.vtexassets.com/arquivos/ids/196647-170-170?v=1765373818&width=170&height=170&aspect=true
Carrefour,seccion,ARG,"<span class=""vtex-product-summary-2-x-productBrand vtex-product-summary-2-x-brandName t-body"">Sal Salusin dietética sin sodio caja 50 g. </span>","$ 354,00",,,https://carrefourar.vtexassets.com/arquivos/ids/197060-170-170?v=1765370165&width=170&height=170&aspect=true
Carrefour,seccion,ARG,"<span class=""vtex-product-summary-2-x-productBrand vtex-product-summary-2-x-brandName t-body"">Acondicionador eco rosa mosqueta Botik 300 cc. </span>","$ 1.575,00",,,https://carrefourar.vtexassets.com/arquivos/ids/201347-170-170?v=1765349683&width=170&height=170&aspect=true
Carrefour,seccion,ARG,"<span class=""vtex-product-summary-2-x-productBrand vtex-product-summary-2-x-brandName t-body"">Acondicionador eco extra suave puro Botik 300 cc. </span>","$ 1.260,00",,,https://carrefourar.vtexassets.com/arquivos/ids/201263-170-170?v=1765374313&width=170&height=170&aspect=true
Carrefour,seccion,ARG,"<span class=""vtex-product-summary-2-x-productBrand vtex-product-summary-2-x-brandName t-body"">Queso fundido Finlandia balance light pote 180 g. </span>","$ 484,00",,,https://carrefourar.vtexassets.com/arquivos/ids/275848-170-170?v=1765383900&width=170&height=170&aspect=true
Carrefour,seccion,ARG,"<span class=""vtex-product-summary-2-x-productBrand vtex-product-summary-2-x-brandName t-body"">Queso fundido Finlandia balance pote 290 g. </span>","$ 724,00",,,https://carrefourar.vtexassets.com/arquivos/ids/275894-170-170?v=1765386314&width=170&height=170&aspect=true
Carrefour,seccion,ARG,"<span class=""vtex-product-summary-2-x-productBrand vtex-product-summary-2-x-brandName t-body"">Miel Carrefour Bio orgánica 500 g. </span>","$ 935,10$ 1.039,00","$ 935,10c/u",Mi CRF 10%,https://carrefourar.vtexassets.com/arquivos/ids/201557-170-170?v=1765383906&width=170&height=170&aspect=true
Carrefour,seccion,ARG,"<span class=""vtex-product-summary-2-x-productBrand vtex-product-summary-2-x-brandName t-body"">Vino tinto Santa Julia malbec orgánico 750 cc. </span>","$ 880,00$ 1.320,00","$ 880,00c/u",3x2 Max 24 Unidades Combinable VINOS Y ESPUMANTES,https://carrefourar.vtexassets.com/arquivos/ids/300114-170-170?v=1765365707&width=170&height=170&aspect=true
Carrefour,seccion,ARG,"<span class=""vtex-product-summary-2-x-productBrand vtex-product-summary-2-x-brandName t-body"">Porotos aduki Terrasana orgánicos bolsa 500 g. </span>","$ 696,00",,,https://carrefourar.vtexassets.com/arquivos/ids/177271-170-170?v=1765372490&width=170&height=170&aspect=true
Carrefour,seccion,ARG,"<span class=""vtex-product-summary-2-x-productBrand vtex-product-summary-2-x-brandName t-body"">Porotos mung orgánicos Terrasana bolsa 500 g. </span>","$ 696,00",,,https://carrefourar.vtexassets.com/arquivos/ids/177267-170-170?v=1765372385&width=170&height=170&aspect=true
Carrefour,seccion,ARG,"<span class=""vtex-product-summary-2-x-productBrand vtex-product-summary-2-x-brandName t-body"">Porotos colorados orgánicos Terrasana bolsa 500 g. </span>","$ 696,00",,,https://carrefourar.vtexassets.com/arquivos/ids/177264-170-170?v=1765384467&width=170&height=170&aspect=true
Carrefour,seccion,ARG,"<span class=""vtex-product-summary-2-x-productBrand vtex-product-summary-2-x-brandName t-body"">Nueces orgánicas Terrasana 100 g. </span>","$ 791,25$ 1.055,00","$ 791,25c/u",2do al 50% Mi Crf Max 6 Unidades combinable,https://carrefourar.vtexassets.com/arquivos/ids/177018-170-170?v=1765378446&width=170&height=170&aspect=true
Carrefour,seccion,ARG,"<span class=""vtex-product-summary-2-x-productBrand vtex-product-summary-2-x-brandName t-body"">Cerveza Patagonia sendero sur lata 6 uni x 473 cc. </span>","$ 1.875,00$ 2.500,00","$ 1.875,00c/u",25% off,https://carrefourar.vtexassets.com/arquivos/ids/191336-170-170?v=1765377812&width=170&height=170&aspect=true
Carrefour,seccion,ARG,"<span class=""vtex-product-summary-2-x-productBrand vtex-product-summary-2-x-brandName t-body"">Crema facial Natural Puro vegetal caléndula manzanilla 60 g. </span>","$ 1.625,00",,,https://carrefourar.vtexassets.com/arquivos/ids/174477-170-170?v=1765263687&width=170&height=170&aspect=true
Carrefour,seccion,ARG,"<span class=""vtex-product-summary-2-x-productBrand vtex-product-summary-2-x-brandName t-body"">Crema facial Natural Puro vegetal rosa mosqueta 60 g. </span>","$ 1.690,00",,,https://carrefourar.vtexassets.com/arquivos/ids/174559-170-170?v=1765373757&width=170&height=170&aspect=true
Carrefour,seccion,ARG,"<span class=""vtex-product-summary-2-x-productBrand vtex-product-summary-2-x-brandName t-body"">Shampoo Natural Puro vegetal extra suave 300 cc. </span>","$ 1.725,00",,,https://carrefourar.vtexassets.com/arquivos/ids/184930-170-170?v=1765357685&width=170&height=170&aspect=true
Carrefour,seccion,ARG,"<span class=""vtex-product-summary-2-x-productBrand vtex-product-summary-2-x-brandName t-body"">Shampoo Natural Puro vegetal caléndula manzanilla 300 cc. </span>","$ 1.725,00",,,https://carrefourar.vtexassets.com/arquivos/ids/184929-170-170?v=1765365195&width=170&height=170&aspect=true
Carrefour,seccion,ARG,"<span class=""vtex-product-summary-2-x-productBrand vtex-product-summary-2-x-brandName t-body"">Balsamo labial Botik lavanda lemongrass 1 uni </span>","$ 815,00",,,https://carrefourar.vtexassets.com/arquivos/ids/174710-170-170?v=1765354231&width=170&height=170&aspect=true
Carrefour,seccion,ARG,"<span class=""vtex-product-summary-2-x-productBrand vtex-product-summary-2-x-brandName t-body"">Balsamo labial Botik jengibre menta 1 uni </span>","$ 815,00",,,https://carrefourar.vtexassets.com/arquivos/ids/174720-170-170?v=1765370096&width=170&height=170&aspect=true
Carrefour,seccion,ARG,"<span class=""vtex-product-summary-2-x-productBrand vtex-product-summary-2-x-brandName t-body"">Jabón de tocador Botik manzanilla 85 g. </span>","$ 854,00",,,https://carrefourar.vtexassets.com/arquivos/ids/178153-170-170?v=1765365054&width=170&height=170&aspect=true
Carrefour,seccion,ARG,"<span class=""vtex-product-summary-2-x-productBrand vtex-product-summary-2-x-brandName t-body"">Jabón de tocador Botik rosa mosqueta 85 g. </span>","$ 823,00",,,https://carrefourar.vtexassets.com/arquivos/ids/178500-170-170?v=1765378628&width=170&height=170&aspect=true
Carrefour,seccion,ARG,"<span class=""vtex-product-summary-2-x-productBrand vtex-product-summary-2-x-brandName t-body"">Jabón de tocador Botik romero tea tree 85 g. </span>","$ 823,00",,,https://carrefourar.vtexassets.com/arquivos/ids/178151-170-170?v=1765378632&width=170&height=170&aspect=true
Carrefour,seccion,ARG,"<span class=""vtex-product-summary-2-x-productBrand vtex-product-summary-2-x-brandName t-body"">Jabón de tocador Botik lavanda melisa 85 g. </span>","$ 854,00",,,https://carrefourar.vtexassets.com/arquivos/ids/178149-170-170?v=1765378649&width=170&height=170&aspect=true
Carrefour,seccion,ARG,"<span class=""vtex-product-summary-2-x-productBrand vtex-product-summary-2-x-brandName t-body"">Aceto balsámico orgánico Maelca botella 250 cc. </span>","$ 454,00",,,https://carrefourar.vtexassets.com/arquivos/ids/182034-170-170?v=1765373621&width=170&height=170&aspect=true
Carrefour,seccion,ARG,"<span class=""vtex-product-summary-2-x-productBrand vtex-product-summary-2-x-brandName t-body"">Aceite de oliva Maelca organico 2 lt. </span>","$ 5.280,00",,,https://carrefourar.vtexassets.com/arquivos/ids/167083-170-170?v=1765374162&width=170&height=170&aspect=true
Carrefour,seccion,ARG,"<span class=""vtex-product-summary-2-x-productBrand vtex-product-summary-2-x-brandName t-body"">Aceite de oliva Maelca organico botella 500 cc. </span>","$ 1.685,00",,,https://carrefourar.vtexassets.com/arquivos/ids/167081-170-170?v=1765371334&width=170&height=170&aspect=true
Carrefour,seccion,ARG,"<span class=""vtex-product-summary-2-x-productBrand vtex-product-summary-2-x-brandName t-body"">Tomate desecado Terrasana orgánico bolsa 100 g. </span>","$ 1.150,00",,,https://carrefourar.vtexassets.com/arquivos/ids/197317-170-170?v=1765380115&width=170&height=170&aspect=true
Carrefour,seccion,ARG,"<span class=""vtex-product-summary-2-x-productBrand vtex-product-summary-2-x-brandName t-body"">Shampoo sólido neutro Boti-k 45 g. </span>","$ 1.075,00",,,https://carrefourar.vtexassets.com/arquivos/ids/198291-170-170?v=1765355981&width=170&height=170&aspect=true
Carrefour,seccion,ARG,"<span class=""vtex-product-summary-2-x-productBrand vtex-product-summary-2-x-brandName t-body"">Miel cremosa Montecitos 300 g. </span>","$ 783,00",,,https://carrefourar.vtexassets.com/arquivos/ids/196495-170-170?v=1765384976&width=170&height=170&aspect=true
Carrefour,seccion,ARG,"<span class=""vtex-product-summary-2-x-productBrand vtex-product-summary-2-x-brandName t-body"">Harina de trigo integral Dicomere orgánica paquete 1000 g. </span>","$ 452,00",,,https://carrefourar.vtexassets.com/arquivos/ids/197064-170-170?v=1765374160&width=170&height=170&aspect=true
Carrefour,seccion,ARG,"<span class=""vtex-product-summary-2-x-productBrand vtex-product-summary-2-x-brandName t-body"">Té verde orgánico doy pack 80 g. </span>","$ 694,00",,,https://carrefourar.vtexassets.com/arquivos/ids/257918-170-170?v=1765372785&width=170&height=170&aspect=true
Carrefour,seccion,ARG,"<span class=""vtex-product-summary-2-x-productBrand vtex-product-summary-2-x-brandName t-body"">Té negro orgánico doy pack 80 g. </span>","$ 674,00",,,https://carrefourar.vtexassets.com/arquivos/ids/198638-170-170?v=1765369357&width=170&height=170&aspect=true
Carrefour,seccion,ARG,"<span class=""vtex-product-summary-2-x-productBrand vtex-product-summary-2-x-brandName t-body"">Jugo orgánico manzana Las Brisas 330 cc. </span>","$ 448,00",,,https://carrefourar.vtexassets.com/arquivos/ids/271788-170-170?v=1765378632&width=170&height=170&aspect=true
Carrefour,seccion,ARG,"<span class=""vtex-product-summary-2-x-productBrand vtex-product-summary-2-x-brandName t-body"">Jugo orgánico de arándano Las Brisas botella 330 cc. </span>","$ 484,00",,,https://carrefourar.vtexassets.com/arquivos/ids/271751-170-170?v=1765368269&width=170&height=170&aspect=true
Carrefour,seccion,ARG,"<span class=""vtex-product-summary-2-x-productBrand vtex-product-summary-2-x-brandName t-body"">Jugo orgánico de naranja Las Brisas 330 cc. </span>","$ 461,00",,,https://carrefourar.vtexassets.com/arquivos/ids/271877-170-170?v=1765378642&width=170&height=170&aspect=true
Carrefour,seccion,ARG,"<span class=""vtex-product-summary-2-x-productBrand vtex-product-summary-2-x-brandName t-body"">Jugo orgánico de arándano s azúcar Las Brisas bot 330 cc. </span>","$ 461,00",,,https://carrefourar.vtexassets.com/arquivos/ids/271840-170-170?v=1765355905&width=170&height=170&aspect=true
Carrefour,seccion,ARG,"<span class=""vtex-product-summary-2-x-productBrand vtex-product-summary-2-x-brandName t-body"">Jugo orgánico de naranja s azúcar Las Brisas bot 330 cc. </span>","$ 461,00",,,https://carrefourar.vtexassets.com/arquivos/ids/271780-170-170?v=1765378645&width=170&height=170&aspect=true
Carrefour,seccion,ARG,"<span class=""vtex-product-summary-2-x-productBrand vtex-product-summary-2-x-brandName t-body"">Jugo orgánico de manzana s azúcar Las Brisas bot 330 cc. </span>","$ 448,00",,,https://carrefourar.vtexassets.com/arquivos/ids/271741-170-170?v=1765378638&width=170&height=170&aspect=true
Carrefour,seccion,ARG,"<span class=""vtex-product-summary-2-x-productBrand vtex-product-summary-2-x-brandName t-body"">Detox orgánico de nar zan man jen Las Brisas botella 330 cc. </span>","$ 407,00",,,https://carrefourar.vtexassets.com/arquivos/ids/271843-170-170?v=1765355911&width=170&height=170&aspect=true
Carrefour,seccion,ARG,"<span class=""vtex-product-summary-2-x-productBrand vtex-product-summary-2-x-brandName t-body"">Detox orgánico nar per ara pep jen Las Brisas botella 330 cc. </span>","$ 407,00",,,https://carrefourar.vtexassets.com/arquivos/ids/271760-170-170?v=1765356422&width=170&height=170&aspect=true
Carrefour,seccion,ARG,"<span class=""vtex-product-summary-2-x-productBrand vtex-product-summary-2-x-brandName t-body"">Chocolate orgánico Essentia nestle® 60 g. </span>","$ 698,40$ 900,00","$ 698,40- 22% Off",,https://carrefourar.vtexassets.com/arquivos/ids/247606-170-170?v=1765372105&width=170&height=170&aspect=true
Carrefour,seccion,ARG,"<span class=""vtex-product-summary-2-x-productBrand vtex-product-summary-2-x-brandName t-body"">Chocolate orgánico Essentia nestle® con chips de cacao 60 g. </span>","$ 676,00$ 864,00","$ 676,00- 21% Off",,https://carrefourar.vtexassets.com/arquivos/ids/247608-170-170?v=1765372431&width=170&height=170&aspect=true
Carrefour,seccion,ARG,"<span class=""vtex-product-summary-2-x-productBrand vtex-product-summary-2-x-brandName t-body"">Bebida energizante Red Bull sugar free 250 cc. </span>","$ 308,00",,,https://carrefourar.vtexassets.com/arquivos/ids/277280-170-170?v=1765385254&width=170&height=170&aspect=true
Carrefour,seccion,ARG,"<span class=""vtex-product-summary-2-x-productBrand vtex-product-summary-2-x-brandName t-body"">Dulce dietético Regional de la patagonia sauco 260 g. </span>","$ 1.050,00",,,https://carrefourar.vtexassets.com/arquivos/ids/179000-170-170?v=1765355022&width=170&height=170&aspect=true
Carrefour,seccion,ARG,"<span class=""vtex-product-summary-2-x-productBrand vtex-product-summary-2-x-brandName t-body"">Dulce dietético Regional de la patagonia frambuesa 260 g. </span>","$ 1.304,00$ 1.630,00","$ 1.304,00- 20% Off",,https://carrefourar.vtexassets.com/arquivos/ids/179002-170-170?v=1765373947&width=170&height=170&aspect=true
Carrefour,seccion,ARG,"<span class=""vtex-product-summary-2-x-productBrand vtex-product-summary-2-x-brandName t-body"">Mermelada de arandano Cuarto Creciente stevia 400 g. </span>","$ 800,00",,,https://carrefourar.vtexassets.com/arquivos/ids/179006-170-170?v=1765384012&width=170&height=170&aspect=true
Carrefour,seccion,ARG,"<span class=""vtex-product-summary-2-x-productBrand vtex-product-summary-2-x-brandName t-body"">Dulce de leche Ser pote 300 g. </span>","$ 367,00",,,https://carrefourar.vtexassets.com/arquivos/ids/202474-170-170?v=1765374598&width=170&height=170&aspect=true
Carrefour,seccion,ARG,"<span class=""vtex-product-summary-2-x-productBrand vtex-product-summary-2-x-brandName t-body"">Bebida láctea La Serenísima ultra vainilla 900 cc. </span>","$ 337,80",,,https://carrefourar.vtexassets.com/arquivos/ids/275900-170-170?v=1765382191&width=170&height=170&aspect=true
Carrefour,seccion,ARG,"<span class=""vtex-product-summary-2-x-productBrand vtex-product-summary-2-x-brandName t-body"">Bebida láctea La Serenísima ultra frutilla 900 cc. </span>","$ 337,80",,,https://carrefourar.vtexassets.com/arquivos/ids/275904-170-170?v=1765382185&width=170&height=170&aspect=true
Carrefour,seccion,ARG,"<span class=""vtex-product-summary-2-x-productBrand vtex-product-summary-2-x-brandName t-body"">Bebida láctea La Serenísima ultra 0 grasa vainilla 900 cc. </span>","$ 337,80",,,https://carrefourar.vtexassets.com/arquivos/ids/275920-170-170?v=1765373926&width=170&height=170&aspect=true
Carrefour,seccion,ARG,"<span class=""vtex-product-summary-2-x-productBrand vtex-product-summary-2-x-brandName t-body"">Bebida láctea La Serenísima ultra 0 grasa frutilla 900 cc. </span>","$ 337,80",,,https://carrefourar.vtexassets.com/arquivos/ids/275905-170-170?v=1765383467&width=170&height=170&aspect=true
Carrefour,seccion,ARG,"<span class=""vtex-product-summary-2-x-productBrand vtex-product-summary-2-x-brandName t-body"">Bebida láctea La Serenísima uat vainilla 1000 cc. </span>","$ 428,00",,,https://carrefourar.vtexassets.com/arquivos/ids/275937-170-170?v=1765372894&width=170&height=170&aspect=true
Carrefour,seccion,ARG,"<span class=""vtex-product-summary-2-x-productBrand vtex-product-summary-2-x-brandName t-body"">Bebida láctea La Serenísima uat frutilla 1000 cc. </span>","$ 428,00",,,https://carrefourar.vtexassets.com/arquivos/ids/275921-170-170?v=1765374407&width=170&height=170&aspect=true
Carrefour,seccion,ARG,"<span class=""vtex-product-summary-2-x-productBrand vtex-product-summary-2-x-brandName t-body"">Bebida láctea La Serenísima uat 0 grasa vainilla 1000 cc. </span>","$ 428,00",,,https://carrefourar.vtexassets.com/arquivos/ids/275891-170-170?v=1765379568&width=170&height=170&aspect=true
Carrefour,seccion,ARG,"<span class=""vtex-product-summary-2-x-productBrand vtex-product-summary-2-x-brandName t-body"">Bebida láctea La Serenísima uat 0 grasa frutilla 1000 cc. </span>","$ 428,00",,,https://carrefourar.vtexassets.com/arquivos/ids/275916-170-170?v=1765383732&width=170&height=170&aspect=true
Carrefour,seccion,ARG,"<span class=""vtex-product-summary-2-x-productBrand vtex-product-summary-2-x-brandName t-body"">Alimento veg. beb. La Serenísima almendra s azúcar 1000 cc. </span>","$ 336,60$ 561,00","$ 336,60c/u",2do al 80% Max 24 Unidades iguales ,https://carrefourar.vtexassets.com/arquivos/ids/274901-170-170?v=1765385517&width=170&height=170&aspect=true
Carrefour,seccion,ARG,"<span class=""vtex-product-summary-2-x-productBrand vtex-product-summary-2-x-brandName t-body"">Dulce de arándano sin azúcar Masseube frasco 262 g. </span>","$ 870,00",,,https://carrefourar.vtexassets.com/arquivos/ids/198855-170-170?v=1765384979&width=170&height=170&aspect=true
Carrefour,seccion,ARG,"<span class=""vtex-product-summary-2-x-productBrand vtex-product-summary-2-x-brandName t-body"">Dulce de mosqueta sin azúcar Masseube frasco 262 g. </span>","$ 870,00",,,https://carrefourar.vtexassets.com/arquivos/ids/198859-170-170?v=1765370286&width=170&height=170&aspect=true
Carrefour,seccion,ARG,"<span class=""vtex-product-summary-2-x-productBrand vtex-product-summary-2-x-brandName t-body"">Yogur descremado Familia Beaudroit natural deslactosado 160 g. </span>","$ 357,00",,,https://carrefourar.vtexassets.com/arquivos/ids/186784-170-170?v=1765372341&width=170&height=170&aspect=true
Carrefour,seccion,ARG,"<span class=""vtex-product-summary-2-x-productBrand vtex-product-summary-2-x-brandName t-body"">Yogur descremado Familia Beaudroit frutos rojos deslactosado 160 g. </span>","$ 343,00",,,https://carrefourar.vtexassets.com/arquivos/ids/186796-170-170?v=1765372519&width=170&height=170&aspect=true
Carrefour,seccion,ARG,"<span class=""vtex-product-summary-2-x-productBrand vtex-product-summary-2-x-brandName t-body"">Yogur big pot parcialmente descremado Ser natural 300 g. </span>","$ 431,00",,,https://carrefourar.vtexassets.com/arquivos/ids/307720-170-170?v=1765380530&width=170&height=170&aspect=true
Carrefour,seccion,ARG,"<span class=""vtex-product-summary-2-x-productBrand vtex-product-summary-2-x-brandName t-body"">Leche descremada La Serenísima UAT proteinas 1 l. </span>","$ 390,00",,,https://carrefourar.vtexassets.com/arquivos/ids/196765-170-170?v=1765383179&width=170&height=170&aspect=true
Carrefour,seccion,ARG,"<span class=""vtex-product-summary-2-x-productBrand vtex-product-summary-2-x-brandName t-body"">Leche parcialmente descremada uat zero lactosa La Serenísima 1 l. </span>","$ 359,00",,,https://carrefourar.vtexassets.com/arquivos/ids/204079-170-170?v=1765386335&width=170&height=170&aspect=true
Carrefour,seccion,ARG,"<span class=""vtex-product-summary-2-x-productBrand vtex-product-summary-2-x-brandName t-body"">Leche multivitaminas 2% La Serenísima sachet 1 l. </span>","$ 300,00",,,https://carrefourar.vtexassets.com/arquivos/ids/269591-170-170?v=1765374381&width=170&height=170&aspect=true
Carrefour,seccion,ARG,"<span class=""vtex-product-summary-2-x-productBrand vtex-product-summary-2-x-brandName t-body"">Leche multivitaminas 3% La Serenísima sachet 1 l. </span>","$ 300,00",,,https://carrefourar.vtexassets.com/arquivos/ids/269590-170-170?v=1765385907&width=170&height=170&aspect=true
Carrefour,seccion,ARG,"<span class=""vtex-product-summary-2-x-productBrand vtex-product-summary-2-x-brandName t-body"">Queso La Serenísima cremón light pote 280 g. </span>","$ 464,80",,,https://carrefourar.vtexassets.com/arquivos/ids/275884-170-170?v=1765384454&width=170&height=170&aspect=true
Carrefour,seccion,ARG,"<span class=""vtex-product-summary-2-x-productBrand vtex-product-summary-2-x-brandName t-body"">Queso cremón La Serenísima original pote 280 g. </span>","$ 464,80",,,https://carrefourar.vtexassets.com/arquivos/ids/275912-170-170?v=1765379174&width=170&height=170&aspect=true
Carrefour,seccion,ARG,"<span class=""vtex-product-summary-2-x-productBrand vtex-product-summary-2-x-brandName t-body"">Leche entera La Serenísima uat fortificada 3% tetra 200 cc. </span>","$ 187,00",,,https://carrefourar.vtexassets.com/arquivos/ids/228148-170-170?v=1765385896&width=170&height=170&aspect=true
Carrefour,seccion,ARG,"<span class=""vtex-product-summary-2-x-productBrand vtex-product-summary-2-x-brandName t-body"">Premezcla sin TACC panadería repostería Kapac 500 g. </span>","$ 457,00",,,https://carrefourar.vtexassets.com/arquivos/ids/202121-170-170?v=1765373870&width=170&height=170&aspect=true
Carrefour,seccion,ARG,"<span class=""vtex-product-summary-2-x-productBrand vtex-product-summary-2-x-brandName t-body"">Bizcochuelo sin TACC chocolate Kapac 500 g. </span>","$ 745,00",,,https://carrefourar.vtexassets.com/arquivos/ids/202120-170-170?v=1765364036&width=170&height=170&aspect=true
Carrefour,seccion,ARG,"<span class=""vtex-product-summary-2-x-productBrand vtex-product-summary-2-x-brandName t-body"">Bizcochuelo Kapac sin TACC vainilla caja 500 g. </span>","$ 713,00",,,https://carrefourar.vtexassets.com/arquivos/ids/232022-170-170?v=1765364287&width=170&height=170&aspect=true
Carrefour,seccion,ARG,"<span class=""vtex-product-summary-2-x-productBrand vtex-product-summary-2-x-brandName t-body"">Fideos fusilli Pasta D´oro sin TACC 500 g. </span>","$ 700,00",,,https://carrefourar.vtexassets.com/arquivos/ids/227928-170-170?v=1765373696&width=170&height=170&aspect=true
Carrefour,seccion,ARG,"<span class=""vtex-product-summary-2-x-productBrand vtex-product-summary-2-x-brandName t-body"">Bizcochos de arroz salados Gallo sin TACC 100 g. </span>","$ 274,00",,,https://carrefourar.vtexassets.com/arquivos/ids/176781-170-170?v=1765384979&width=170&height=170&aspect=true
Carrefour,seccion,ARG,"<span class=""vtex-product-summary-2-x-productBrand vtex-product-summary-2-x-brandName t-body"">Bizcochos de arroz dulce Gallo Snacks bolsa sin TACC 50 g. </span>","$ 177,00",,,https://carrefourar.vtexassets.com/arquivos/ids/176775-170-170?v=1765382763&width=170&height=170&aspect=true
Carrefour,seccion,ARG,"<span class=""vtex-product-summary-2-x-productBrand vtex-product-summary-2-x-brandName t-body"">Chips de batata sin TACC Nuestros Sabores yukitas 70 g. </span>","$ 198,00",,,https://carrefourar.vtexassets.com/arquivos/ids/179489-170-170?v=1765386285&width=170&height=170&aspect=true
Carrefour,seccion,ARG,"<span class=""vtex-product-summary-2-x-productBrand vtex-product-summary-2-x-brandName t-body"">Bizcochos de arroz dulce Gallo tortitas negras sin TACC 50 g. </span>","$ 172,50",,,https://carrefourar.vtexassets.com/arquivos/ids/176782-170-170?v=1765378273&width=170&height=170&aspect=true
Carrefour,seccion,ARG,"<span class=""vtex-product-summary-2-x-productBrand vtex-product-summary-2-x-brandName t-body"">Alfajor de arroz Chococrunch dulce de leche sin TACC 20 g. </span>","$ 110,50",,,https://carrefourar.vtexassets.com/arquivos/ids/253928-170-170?v=1765385575&width=170&height=170&aspect=true
Carrefour,seccion,ARG,"<span class=""vtex-product-summary-2-x-productBrand vtex-product-summary-2-x-brandName t-body"">Tostadas de arroz Carrefour aireadas sin TACC 110 g. </span>","$ 141,36$ 152,00","$ 141,36c/u",Mi CRF 7%,https://carrefourar.vtexassets.com/arquivos/ids/183075-170-170?v=1765386304&width=170&height=170&aspect=true
Carrefour,seccion,ARG,"<span class=""vtex-product-summary-2-x-productBrand vtex-product-summary-2-x-brandName t-body"">Fideos spaghetti Barilla gluten free 400 g. sin TACC </span>","$ 2.405,00",,,https://carrefourar.vtexassets.com/arquivos/ids/202923-170-170?v=1765384728&width=170&height=170&aspect=true
Carrefour,seccion,ARG,"<span class=""vtex-product-summary-2-x-productBrand vtex-product-summary-2-x-brandName t-body"">Fideos penne rigate Barilla sin TACC 400 g. </span>","$ 2.225,00",,,https://carrefourar.vtexassets.com/arquivos/ids/202924-170-170?v=1765373617&width=170&height=170&aspect=true
Carrefour,seccion,ARG,"<span class=""vtex-product-summary-2-x-productBrand vtex-product-summary-2-x-brandName t-body"">Alfajor de arroz Vauquita mousse limón sin TACC 28 g. </span>","$ 134,00",,,https://carrefourar.vtexassets.com/arquivos/ids/194205-170-170?v=1765370719&width=170&height=170&aspect=true
Carrefour,seccion,ARG,"<span class=""vtex-product-summary-2-x-productBrand vtex-product-summary-2-x-brandName t-body"">Pepas sin TACC con membrillo Smams paquete 150 g. </span>","$ 233,00",,,https://carrefourar.vtexassets.com/arquivos/ids/176068-170-170?v=1765384889&width=170&height=170&aspect=true
Carrefour,seccion,ARG,"<span class=""vtex-product-summary-2-x-productBrand vtex-product-summary-2-x-brandName t-body"">Daditos de arroz rellenos Lulemuu frutilla sin TACC 120 g. </span>","$ 206,00",,,https://carrefourar.vtexassets.com/arquivos/ids/172762-170-170?v=1765384134&width=170&height=170&aspect=true
Carrefour,seccion,ARG,"<span class=""vtex-product-summary-2-x-productBrand vtex-product-summary-2-x-brandName t-body"">Daditos de arroz rellenos Lulemuu mani sin TACC 120 g. </span>","$ 206,00",,,https://carrefourar.vtexassets.com/arquivos/ids/172763-170-170?v=1765384974&width=170&height=170&aspect=true
Carrefour,seccion,ARG,"<span class=""vtex-product-summary-2-x-productBrand vtex-product-summary-2-x-brandName t-body"">Cubanito Lulemuu sin TACC relleno de avellana repop 15 g. </span>","$ 94,50",,,https://carrefourar.vtexassets.com/arquivos/ids/204779-170-170?v=1765382871&width=170&height=170&aspect=true
Carrefour,seccion,ARG,"<span class=""vtex-product-summary-2-x-productBrand vtex-product-summary-2-x-brandName t-body"">Oblea Lulemuu rellena de mani chorqui sin TACC 20 g. </span>","$ 77,40",,,https://carrefourar.vtexassets.com/arquivos/ids/171276-170-170?v=1765381536&width=170&height=170&aspect=true
Carrefour,seccion,ARG,"<span class=""vtex-product-summary-2-x-productBrand vtex-product-summary-2-x-brandName t-body"">Oblea de chocolate Lulemuu sin TACC 15 g. </span>","$ 86,90",,,https://carrefourar.vtexassets.com/arquivos/ids/172301-170-170?v=1765377658&width=170&height=170&aspect=true
Carrefour,seccion,ARG,"<span class=""vtex-product-summary-2-x-productBrand vtex-product-summary-2-x-brandName t-body"">Cubanitos de arroz Repop mani sin TACC 18 g. </span>","$ 94,50",,,https://carrefourar.vtexassets.com/arquivos/ids/172303-170-170?v=1765374317&width=170&height=170&aspect=true
Carrefour,seccion,ARG,"<span class=""vtex-product-summary-2-x-productBrand vtex-product-summary-2-x-brandName t-body"">Galletitas de arroz Gallo queso sin TACC 100 g. </span>","$ 298,00",,,https://carrefourar.vtexassets.com/arquivos/ids/176789-170-170?v=1765377981&width=170&height=170&aspect=true
Carrefour,seccion,ARG,"<span class=""vtex-product-summary-2-x-productBrand vtex-product-summary-2-x-brandName t-body"">Tostadas de arroz Criollitas sin TACC 110 g. </span>","$ 339,90",,,https://carrefourar.vtexassets.com/arquivos/ids/182980-170-170?v=1765386009&width=170&height=170&aspect=true
Carrefour,seccion,ARG,"<span class=""vtex-product-summary-2-x-productBrand vtex-product-summary-2-x-brandName t-body"">Mini merengue La Amistad de colores 100 grs. </span>","$ 124,88$ 166,50","$ 124,88c/u",2do al 50% Mi Crf Max 6 Unidades combinable,https://carrefourar.vtexassets.com/arquivos/ids/182918-170-170?v=1765384975&width=170&height=170&aspect=true
Carrefour,seccion,ARG,"<span class=""vtex-product-summary-2-x-productBrand vtex-product-summary-2-x-brandName t-body"">Merengue La Amistad mediano color 100 grs. </span>","$ 120,38$ 160,50","$ 120,38c/u",2do al 50% Mi Crf Max 6 Unidades combinable,https://carrefourar.vtexassets.com/arquivos/ids/182911-170-170?v=1765374168&width=170&height=170&aspect=true
Carrefour,seccion,ARG,"<span class=""vtex-product-summary-2-x-productBrand vtex-product-summary-2-x-brandName t-body"">Galletitas Vai colegial smams sin TACC 150 g. </span>","$ 213,50",,,https://carrefourar.vtexassets.com/arquivos/ids/176071-170-170?v=1765377641&width=170&height=170&aspect=true
Carrefour,seccion,ARG,"<span class=""vtex-product-summary-2-x-productBrand vtex-product-summary-2-x-brandName t-body"">Postre Carrefour a base de pasta de maní barra sin TACC 30 g. </span>","$ 54,60$ 60,00","$ 54,60c/u",Mi CRF 9%,https://carrefourar.vtexassets.com/arquivos/ids/233282-170-170?v=1765382510&width=170&height=170&aspect=true
Carrefour,seccion,ARG,"<span class=""vtex-product-summary-2-x-productBrand vtex-product-summary-2-x-brandName t-body"">Manteca Ghee cows clarificada sin TACC 300 g. </span>","$ 787,50$ 1.050,00","$ 787,50c/u",2do al 50% Mi Crf Max 6 Unidades combinable,https://carrefourar.vtexassets.com/arquivos/ids/179371-170-170?v=1765381641&width=170&height=170&aspect=true
Carrefour,seccion,ARG,"<span class=""vtex-product-summary-2-x-productBrand vtex-product-summary-2-x-brandName t-body"">Ravioles Leofanti s TACC calabaza con queso al huevo 360 g. </span>","$ 709,00",,,https://carrefourar.vtexassets.com/arquivos/ids/183898-170-170?v=1765374366&width=170&height=170&aspect=true
Carrefour,seccion,ARG,"<span class=""vtex-product-summary-2-x-productBrand vtex-product-summary-2-x-brandName t-body"">Barrita de arroz Lulemuu bañada limon sin TACC 12 g. </span>","$ 59,47$ 79,30","$ 59,47c/u",2do al 50% combinable LULEMUU,https://carrefourar.vtexassets.com/arquivos/ids/193792-170-170?v=1765370630&width=170&height=170&aspect=true
Carrefour,seccion,ARG,"<span class=""vtex-product-summary-2-x-productBrand vtex-product-summary-2-x-brandName t-body"">Sorrentinos Leofanti s TACC jamon muzzarella al huevo 360 g. </span>","$ 802,00",,,https://carrefourar.vtexassets.com/arquivos/ids/183875-170-170?v=1765374403&width=170&height=170&aspect=true
Carrefour,seccion,ARG,"<span class=""vtex-product-summary-2-x-productBrand vtex-product-summary-2-x-brandName t-body"">Ravioles Leofanti s TACC jamon muzzarella al huevo 360 g. </span>","$ 709,00",,,https://carrefourar.vtexassets.com/arquivos/ids/183867-170-170?v=1765374443&width=170&height=170&aspect=true
Carrefour,seccion,ARG,"<span class=""vtex-product-summary-2-x-productBrand vtex-product-summary-2-x-brandName t-body"">Premezcla Maizena brownies sin tacc 500 g </span>","$ 469,00",,,https://carrefourar.vtexassets.com/arquivos/ids/219316-170-170?v=1765384134&width=170&height=170&aspect=true
Carrefour,seccion,ARG,"<span class=""vtex-product-summary-2-x-productBrand vtex-product-summary-2-x-brandName t-body"">Premezcla Maizena bizcochuelo de chocolate sin tacc 500 g </span>","$ 447,00",,,https://carrefourar.vtexassets.com/arquivos/ids/218849-170-170?v=1765373746&width=170&height=170&aspect=true
Carrefour,seccion,ARG,"<span class=""vtex-product-summary-2-x-productBrand vtex-product-summary-2-x-brandName t-body"">Yogur natural Beaudroit sin azúcar sin TACC 400 g. </span>","$ 567,00",,,https://carrefourar.vtexassets.com/arquivos/ids/197372-170-170?v=1765377895&width=170&height=170&aspect=true
Carrefour,seccion,ARG,"<span class=""vtex-product-summary-2-x-productBrand vtex-product-summary-2-x-brandName t-body"">Yogur natural Beaudroit sin azúcar sin TACC 160 g. </span>","$ 357,00",,,https://carrefourar.vtexassets.com/arquivos/ids/197371-170-170?v=1765374317&width=170&height=170&aspect=true
Carrefour,seccion,ARG,"<span class=""vtex-product-summary-2-x-productBrand vtex-product-summary-2-x-brandName t-body"">Bizcochuelo Exquisita vainilla sin TACC 450 g. </span>","$ 578,00",,,https://carrefourar.vtexassets.com/arquivos/ids/206361-170-170?v=1765386605&width=170&height=170&aspect=true
Carrefour,seccion,ARG,"<span class=""vtex-product-summary-2-x-productBrand vtex-product-summary-2-x-brandName t-body"">Bizcochuelo Exquisita chocolate sin TACC 450 g. </span>","$ 636,00",,,https://carrefourar.vtexassets.com/arquivos/ids/206362-170-170?v=1765373565&width=170&height=170&aspect=true
Carrefour,seccion,ARG,"<span class=""vtex-product-summary-2-x-productBrand vtex-product-summary-2-x-brandName t-body"">Harina de almendras Dicomere doy pack sin TACC 200 g. </span>","$ 1.660,00",,,https://carrefourar.vtexassets.com/arquivos/ids/197061-170-170?v=1765380647&width=170&height=170&aspect=true
Carrefour,seccion,ARG,"<span class=""vtex-product-summary-2-x-productBrand vtex-product-summary-2-x-brandName t-body"">Fideos mix penne rigate Matarazzo sin TACC 500 g. </span>","$ 400,00",,,https://carrefourar.vtexassets.com/arquivos/ids/198324-170-170?v=1765382716&width=170&height=170&aspect=true
Carrefour,seccion,ARG,"<span class=""vtex-product-summary-2-x-productBrand vtex-product-summary-2-x-brandName t-body"">Alfajor Donn arroz marroc sin TACC pack x 3 uni </span>","$ 305,00",,,https://carrefourar.vtexassets.com/arquivos/ids/197189-170-170?v=1765376794&width=170&height=170&aspect=true
Carrefour,seccion,ARG,"<span class=""vtex-product-summary-2-x-productBrand vtex-product-summary-2-x-brandName t-body"">Dulce de arándano Masseube frasco sin TACC 352 g. </span>","$ 1.075,00",,,https://carrefourar.vtexassets.com/arquivos/ids/198861-170-170?v=1765384978&width=170&height=170&aspect=true
Carrefour,seccion,ARG,"<span class=""vtex-product-summary-2-x-productBrand vtex-product-summary-2-x-brandName t-body"">Bizcochuelo de chocolate Torta En Taza fp sin TACC 70 g. </span>","$ 109,50$ 146,00","$ 109,50c/u",2do al 50% Mi Crf Max 6 Unidades combinable,https://carrefourar.vtexassets.com/arquivos/ids/198623-170-170?v=1765382943&width=170&height=170&aspect=true
Carrefour,seccion,ARG,"<span class=""vtex-product-summary-2-x-productBrand vtex-product-summary-2-x-brandName t-body"">Bizcochuelo de limón y yogur Torta En Taza fp sin TACC 70 g. </span>","$ 104,25$ 139,00","$ 104,25c/u",2do al 50% Mi Crf Max 6 Unidades combinable,https://carrefourar.vtexassets.com/arquivos/ids/198622-170-170?v=1765384609&width=170&height=170&aspect=true
Carrefour,seccion,ARG,"<span class=""vtex-product-summary-2-x-productBrand vtex-product-summary-2-x-brandName t-body"">Bizcochuelo de vainilla Torta En Taza fp sin TACC 70 g. </span>","$ 109,50$ 146,00","$ 109,50c/u",2do al 50% Mi Crf Max 6 Unidades combinable,https://carrefourar.vtexassets.com/arquivos/ids/198621-170-170?v=1765373884&width=170&height=170&aspect=true
Carrefour,seccion,ARG,"<span class=""vtex-product-summary-2-x-productBrand vtex-product-summary-2-x-brandName t-body"">Barra de arroz Crowie marroc pack sin TACC12 g. x 3 un. </span>","$ 234,00",,,https://carrefourar.vtexassets.com/arquivos/ids/200613-170-170?v=1765386700&width=170&height=170&aspect=true
Carrefour,seccion,ARG,"<span class=""vtex-product-summary-2-x-productBrand vtex-product-summary-2-x-brandName t-body"">Yerba mate sabor naranja Carrefour sin TACC 500 g. </span>","$ 348,87$ 401,00","$ 348,87c/u",Mi CRF 13%,https://carrefourar.vtexassets.com/arquivos/ids/233299-170-170?v=1765380826&width=170&height=170&aspect=true
Carrefour,seccion,ARG,"<span class=""vtex-product-summary-2-x-productBrand vtex-product-summary-2-x-brandName t-body"">Yerba mate con palo Carrefour sin TACC 500 g. </span>","$ 297,57$ 327,00","$ 297,57c/u",Mi CRF 9%,https://carrefourar.vtexassets.com/arquivos/ids/233300-170-170?v=1765386487&width=170&height=170&aspect=true
Carrefour,seccion,ARG,"<span class=""vtex-product-summary-2-x-productBrand vtex-product-summary-2-x-brandName t-body"">Yerba mate con palo Carrefour sin TACC 1 kg. </span>","$ 553,28$ 608,00","$ 553,28c/u",Mi CRF 9%,https://carrefourar.vtexassets.com/arquivos/ids/233301-170-170?v=1765386311&width=170&height=170&aspect=true
Carrefour,seccion,ARG,"<span class=""vtex-product-summary-2-x-productBrand vtex-product-summary-2-x-brandName t-body"">Yerba mate sabor a menta Carrefour sin TACC 500 g. </span>","$ 348,87$ 401,00","$ 348,87c/u",Mi CRF 13%,https://carrefourar.vtexassets.com/arquivos/ids/233302-170-170?v=1765383347&width=170&height=170&aspect=true
Carrefour,seccion,ARG,"<span class=""vtex-product-summary-2-x-productBrand vtex-product-summary-2-x-brandName t-body"">Yerba mate Carrefour sin TACC Selection caja 500 g. </span>","$ 481,74$ 518,00","$ 481,74c/u",Mi CRF 7%,https://carrefourar.vtexassets.com/arquivos/ids/233326-170-170?v=1765373627&width=170&height=170&aspect=true
Carrefour,seccion,ARG,"<span class=""vtex-product-summary-2-x-productBrand vtex-product-summary-2-x-brandName t-body"">Té verde en saquitos Carrefour sin TACC x 25 un. </span>","$ 122,36$ 133,00","$ 122,36c/u",Mi CRF 8%,https://carrefourar.vtexassets.com/arquivos/ids/233327-170-170?v=1765384612&width=170&height=170&aspect=true
Carrefour,seccion,ARG,"<span class=""vtex-product-summary-2-x-productBrand vtex-product-summary-2-x-brandName t-body"">Té en saquitos Carrefour sin TACC x 50 un. </span>","$ 125,55$ 135,00","$ 125,55c/u",Mi CRF 7%,https://carrefourar.vtexassets.com/arquivos/ids/233304-170-170?v=1765385087&width=170&height=170&aspect=true
Carrefour,seccion,ARG,"<span class=""vtex-product-summary-2-x-productBrand vtex-product-summary-2-x-brandName t-body"">Té en saquitos Carrefour sin TACC x 25 un. </span>","$ 67,34$ 74,00","$ 67,34c/u",Mi CRF 9%,https://carrefourar.vtexassets.com/arquivos/ids/233303-170-170?v=1765383170&width=170&height=170&aspect=true
Carrefour,seccion,ARG,"<span class=""vtex-product-summary-2-x-productBrand vtex-product-summary-2-x-brandName t-body"">Té en saquitos Carrefour sin TACC x 100 un. </span>","$ 228,60$ 254,00","$ 228,60c/u",Mi CRF 10%,https://carrefourar.vtexassets.com/arquivos/ids/233305-170-170?v=1765381024&width=170&height=170&aspect=true
Carrefour,seccion,ARG,"<span class=""vtex-product-summary-2-x-productBrand vtex-product-summary-2-x-brandName t-body"">Mate cocido en saquitos Carrefour sin TACC x 50 un. </span>","$ 196,20$ 218,00","$ 196,20c/u",Mi CRF 10%,https://carrefourar.vtexassets.com/arquivos/ids/233307-170-170?v=1765385868&width=170&height=170&aspect=true
Carrefour,seccion,ARG,"<span class=""vtex-product-summary-2-x-productBrand vtex-product-summary-2-x-brandName t-body"">Mate cocido en saquitos Carrefour sin TACC x 25 un. </span>","$ 97,20$ 108,00","$ 97,20c/u",Mi CRF 10%,https://carrefourar.vtexassets.com/arquivos/ids/233306-170-170?v=1765385869&width=170&height=170&aspect=true
Carrefour,seccion,ARG,"<span class=""vtex-product-summary-2-x-productBrand vtex-product-summary-2-x-brandName t-body"">Crema de leche uat 36 sin TACC Las Tres Niñas 500 cc. </span>","$ 578,00",,,https://carrefourar.vtexassets.com/arquivos/ids/200629-170-170?v=1765386367&width=170&height=170&aspect=true
Carrefour,seccion,ARG,"<span class=""vtex-product-summary-2-x-productBrand vtex-product-summary-2-x-brandName t-body"">Crema de leche uat 36 sin TACC Las Tres Niñas 200 cc. </span>","$ 262,50",,,https://carrefourar.vtexassets.com/arquivos/ids/204690-170-170?v=1765384608&width=170&height=170&aspect=true
Carrefour,seccion,ARG,"<span class=""vtex-product-summary-2-x-productBrand vtex-product-summary-2-x-brandName t-body"">Crema de leche uat 20 sin TACC Las Tres Niñas 500 cc. </span>","$ 571,00",,,https://carrefourar.vtexassets.com/arquivos/ids/202175-170-170?v=1765383344&width=170&height=170&aspect=true
Carrefour,seccion,ARG,"<span class=""vtex-product-summary-2-x-productBrand vtex-product-summary-2-x-brandName t-body"">Alimento vegetal bebible con maní La Serenísima sin TACC 1 l. </span>","$ 309,00$ 515,00","$ 309,00c/u",2do al 80% Max 24 Unidades iguales ,https://carrefourar.vtexassets.com/arquivos/ids/204397-170-170?v=1765384694&width=170&height=170&aspect=true
Carrefour,seccion,ARG,"<span class=""vtex-product-summary-2-x-productBrand vtex-product-summary-2-x-brandName t-body"">Comidas listas Mole arroz al curry 200 g. </span>","$ 294,75$ 393,00","$ 294,75c/u",2do al 50% Mi Crf Max 6 Unidades combinable,https://carrefourar.vtexassets.com/arquivos/ids/202904-170-170?v=1765374134&width=170&height=170&aspect=true
Carrefour,seccion,ARG,"<span class=""vtex-product-summary-2-x-productBrand vtex-product-summary-2-x-brandName t-body"">Comidas listas risotto hongos Mole 200 g. </span>","$ 306,75$ 409,00","$ 306,75c/u",2do al 50% Mi Crf Max 6 Unidades combinable,https://carrefourar.vtexassets.com/arquivos/ids/206099-170-170?v=1765372474&width=170&height=170&aspect=true
Carrefour,seccion,ARG,"<span class=""vtex-product-summary-2-x-productBrand vtex-product-summary-2-x-brandName t-body"">Comidas listas risotto napolitano Mole 200 g. </span>","$ 294,75$ 393,00","$ 294,75c/u",2do al 50% Mi Crf Max 6 Unidades combinable,https://carrefourar.vtexassets.com/arquivos/ids/206104-170-170?v=1765379130&width=170&height=170&aspect=true
Carrefour,seccion,ARG,"<span class=""vtex-product-summary-2-x-productBrand vtex-product-summary-2-x-brandName t-body"">Comidas listas polenta mediterránea Mole 200 g. </span>","$ 222,00$ 296,00","$ 222,00c/u",2do al 50% Mi Crf Max 6 Unidades combinable,https://carrefourar.vtexassets.com/arquivos/ids/206105-170-170?v=1765369473&width=170&height=170&aspect=true
Carrefour,seccion,ARG,"<span class=""vtex-product-summary-2-x-productBrand vtex-product-summary-2-x-brandName t-body"">Snack veganos Veggie garbanzos y finas hierbas 50 g. </span>","$ 205,50",,,https://carrefourar.vtexassets.com/arquivos/ids/179514-170-170?v=1765378091&width=170&height=170&aspect=true
Carrefour,seccion,ARG,"<span class=""vtex-product-summary-2-x-productBrand vtex-product-summary-2-x-brandName t-body"">Medallón Granja Del Sol quínoa y espinaca veggies 420 g. x 4 uni </span>","$ 588,75$ 785,00","$ 588,75c/u",25% Off Exclusivo Tarjeta Carrefour ,https://carrefourar.vtexassets.com/arquivos/ids/179419-170-170?v=1765379566&width=170&height=170&aspect=true
Carrefour,seccion,ARG,"<span class=""vtex-product-summary-2-x-productBrand vtex-product-summary-2-x-brandName t-body"">Medallón Granja Del Sol cebolla y arroz veggies 420 g. x 4 uni </span>","$ 588,75$ 785,00","$ 588,75c/u",25% Off Exclusivo Tarjeta Carrefour ,https://carrefourar.vtexassets.com/arquivos/ids/179444-170-170?v=1765373784&width=170&height=170&aspect=true
Carrefour,seccion,ARG,"<span class=""vtex-product-summary-2-x-productBrand vtex-product-summary-2-x-brandName t-body"">Medallón Granja del Sol calabaza y garbanzo veggies 420 g. x 4 uni </span>","$ 588,75$ 785,00","$ 588,75c/u",25% Off Exclusivo Tarjeta Carrefour ,https://carrefourar.vtexassets.com/arquivos/ids/179432-170-170?v=1765381249&width=170&height=170&aspect=true
Carrefour,seccion,ARG,"<span class=""vtex-product-summary-2-x-productBrand vtex-product-summary-2-x-brandName t-body"">Medallón Granja Del Sol lentejas y arroz veggies 420 g. x 4 uni </span>","$ 588,75$ 785,00","$ 588,75c/u",25% Off Exclusivo Tarjeta Carrefour ,https://carrefourar.vtexassets.com/arquivos/ids/179438-170-170?v=1765379567&width=170&height=170&aspect=true
Carrefour,seccion,ARG,"<span class=""vtex-product-summary-2-x-productBrand vtex-product-summary-2-x-brandName t-body"">Alimento bebible a base de almendras La Serenísima 1 l. </span>","$ 336,60$ 561,00","$ 336,60c/u",2do al 80% Max 24 Unidades iguales ,https://carrefourar.vtexassets.com/arquivos/ids/274899-170-170?v=1765384692&width=170&height=170&aspect=true
Carrefour,seccion,ARG,"<span class=""vtex-product-summary-2-x-productBrand vtex-product-summary-2-x-brandName t-body"">Yogur vegano maracuya Cocoiogo pote 160 g. </span>","$ 360,00",,,https://carrefourar.vtexassets.com/arquivos/ids/186804-170-170?v=1765379566&width=170&height=170&aspect=true
Carrefour,seccion,ARG,"<span class=""vtex-product-summary-2-x-productBrand vtex-product-summary-2-x-brandName t-body"">Yogur vegano arandanos Cocoiogo pote 160 g. </span>","$ 360,00",,,https://carrefourar.vtexassets.com/arquivos/ids/186807-170-170?v=1765384309&width=170&height=170&aspect=true
Carrefour,seccion,ARG,"<span class=""vtex-product-summary-2-x-productBrand vtex-product-summary-2-x-brandName t-body"">Yogur vegano frutilla Cocoiogo pote 160 g. </span>","$ 360,00",,,https://carrefourar.vtexassets.com/arquivos/ids/186811-170-170?v=1765384727&width=170&height=170&aspect=true
Carrefour,seccion,ARG,"<span class=""vtex-product-summary-2-x-productBrand vtex-product-summary-2-x-brandName t-body"">Yogur vegano durazno vainilla Cocoiogo pote 160 g. </span>","$ 360,00",,,https://carrefourar.vtexassets.com/arquivos/ids/186814-170-170?v=1765384728&width=170&height=170&aspect=true
Carrefour,seccion,ARG,"<span class=""vtex-product-summary-2-x-productBrand vtex-product-summary-2-x-brandName t-body"">Helado de banana split NotIceCream® 330 g. </span>","$ 1.100,00",,,https://carrefourar.vtexassets.com/arquivos/ids/240638-170-170?v=1765373499&width=170&height=170&aspect=true
Carrefour,seccion,ARG,"<span class=""vtex-product-summary-2-x-productBrand vtex-product-summary-2-x-brandName t-body"">Helado de dulce de leche tentación NotIceCream® 330 g. </span>","$ 1.075,00",,,https://carrefourar.vtexassets.com/arquivos/ids/240633-170-170?v=1765373774&width=170&height=170&aspect=true
Carrefour,seccion,ARG,"<span class=""vtex-product-summary-2-x-productBrand vtex-product-summary-2-x-brandName t-body"">Ravioles Leofanti s TACC calabaza sin lactosa veganos 360 g. </span>","$ 681,00",,,https://carrefourar.vtexassets.com/arquivos/ids/183881-170-170?v=1765374417&width=170&height=170&aspect=true
Carrefour,seccion,ARG,"<span class=""vtex-product-summary-2-x-productBrand vtex-product-summary-2-x-brandName t-body"">Helado Haulani leche coco café con chocolate caja x 3 uni </span>","$ 1.200,00",,,https://carrefourar.vtexassets.com/arquivos/ids/177198-170-170?v=1765351767&width=170&height=170&aspect=true
Carrefour,seccion,ARG,"<span class=""vtex-product-summary-2-x-productBrand vtex-product-summary-2-x-brandName t-body"">Helado Haulani leche coco menta con chocolate caja x 3 uni </span>","$ 1.200,00",,,https://carrefourar.vtexassets.com/arquivos/ids/177200-170-170?v=1765259896&width=170&height=170&aspect=true
Carrefour,seccion,ARG,"<span class=""vtex-product-summary-2-x-productBrand vtex-product-summary-2-x-brandName t-body"">Helado Haulani leche coco vainilla con choc. caja x 3 uni </span>","$ 1.200,00",,,https://carrefourar.vtexassets.com/arquivos/ids/177203-170-170?v=1765352178&width=170&height=170&aspect=true
Carrefour,seccion,ARG,"<span class=""vtex-product-summary-2-x-productBrand vtex-product-summary-2-x-brandName t-body"">Helado de chocolate chips NotIceCream® 330 g. </span>","$ 1.110,00",,,https://carrefourar.vtexassets.com/arquivos/ids/240639-170-170?v=1765378081&width=170&height=170&aspect=true
Carrefour,seccion,ARG,"<span class=""vtex-product-summary-2-x-productBrand vtex-product-summary-2-x-brandName t-body"">Helado de frutillas con crema NotIceCream® 330 g. </span>","$ 1.110,00",,,https://carrefourar.vtexassets.com/arquivos/ids/240632-170-170?v=1765352595&width=170&height=170&aspect=true
Carrefour,seccion,ARG,"<span class=""vtex-product-summary-2-x-productBrand vtex-product-summary-2-x-brandName t-body"">Barra de arándanos almendra Zafrán sin TACC 22 g. x 3 uni </span>","$ 412,00",,,https://carrefourar.vtexassets.com/arquivos/ids/262128-170-170?v=1765378097&width=170&height=170&aspect=true
Carrefour,seccion,ARG,"<span class=""vtex-product-summary-2-x-productBrand vtex-product-summary-2-x-brandName t-body"">Medallón veggies Green Life espinaca pimiento 190 g. x 2 uni </span>","$ 236,55$ 315,40","$ 236,55c/u",25% Off Exclusivo Tarjeta Carrefour ,https://carrefourar.vtexassets.com/arquivos/ids/196755-170-170?v=1765384924&width=170&height=170&aspect=true
Carrefour,seccion,ARG,"<span class=""vtex-product-summary-2-x-productBrand vtex-product-summary-2-x-brandName t-body"">Medallón veggies Green Life arveja brócoli 190 g. x 2 uni </span>","$ 246,00$ 328,00","$ 246,00c/u",25% Off Exclusivo Tarjeta Carrefour ,https://carrefourar.vtexassets.com/arquivos/ids/196756-170-170?v=1765382520&width=170&height=170&aspect=true
Carrefour,seccion,ARG,"<span class=""vtex-product-summary-2-x-productBrand vtex-product-summary-2-x-brandName t-body"">Medallón veggies Green Life lenteja zanahoria 190 g. x 2 uni </span>","$ 244,50$ 326,00","$ 244,50c/u",25% Off Exclusivo Tarjeta Carrefour ,https://carrefourar.vtexassets.com/arquivos/ids/196758-170-170?v=1765382529&width=170&height=170&aspect=true
Carrefour,seccion,ARG,"<span class=""vtex-product-summary-2-x-productBrand vtex-product-summary-2-x-brandName t-body"">Medallón veggies Green Life calabaza choclo 190 g. x 2 uni </span>","$ 236,55$ 315,40","$ 236,55c/u",25% Off Exclusivo Tarjeta Carrefour ,https://carrefourar.vtexassets.com/arquivos/ids/196757-170-170?v=1765382520&width=170&height=170&aspect=true
Carrefour,seccion,ARG,"<span class=""vtex-product-summary-2-x-productBrand vtex-product-summary-2-x-brandName t-body"">Cacao amargo puro Dicomere doy pack 200 g. </span>","$ 1.385,00",,,https://carrefourar.vtexassets.com/arquivos/ids/197071-170-170?v=1765384984&width=170&height=170&aspect=true
Carrefour,seccion,ARG,"<span class=""vtex-product-summary-2-x-productBrand vtex-product-summary-2-x-brandName t-body"">Harina de algarroba Dicomere doy pack 200 g. </span>","$ 807,00",,,https://carrefourar.vtexassets.com/arquivos/ids/197067-170-170?v=1765374117&width=170&height=170&aspect=true
Carrefour,seccion,ARG,"<span class=""vtex-product-summary-2-x-productBrand vtex-product-summary-2-x-brandName t-body"">Harina de arroz Dicomere paquete 1000 g. </span>","$ 426,00",,,https://carrefourar.vtexassets.com/arquivos/ids/197063-170-170?v=1765374205&width=170&height=170&aspect=true
Carrefour,seccion,ARG,"<span class=""vtex-product-summary-2-x-productBrand vtex-product-summary-2-x-brandName t-body"">Harina de coco Dicomere doy pack 200 g. </span>","$ 908,00",,,https://carrefourar.vtexassets.com/arquivos/ids/201470-170-170?v=1765380648&width=170&height=170&aspect=true
Carrefour,seccion,ARG,"<span class=""vtex-product-summary-2-x-productBrand vtex-product-summary-2-x-brandName t-body"">Soja texturizada Dicomere paquete 350 g. </span>","$ 236,00",,,https://carrefourar.vtexassets.com/arquivos/ids/197070-170-170?v=1765384135&width=170&height=170&aspect=true
